Type,Size,Density,Iterations,Seed,STD,Time
dense,160,0.1,100,0,1.56E-14,13
sparse,160,0.1,100,0,1.56E-14,1
dense,160,0.1,100,1,1.72E-14,7
sparse,160,0.1,100,1,1.72E-14,1
dense,160,0.1,100,2,1.51E-14,7
sparse,160,0.1,100,2,1.51E-14,7
dense,160,0.1,100,3,1.38E-14,11
sparse,160,0.1,100,3,1.38E-14,2
dense,160,0.1,100,4,1.50E-14,7
sparse,160,0.1,100,4,1.50E-14,2
dense,160,0.1,100,5,1.81E-14,8
sparse,160,0.1,100,5,1.81E-14,1
dense,160,0.1,100,6,1.60E-14,8
sparse,160,0.1,100,6,1.60E-14,2
dense,160,0.1,100,7,1.58E-14,8
sparse,160,0.1,100,7,1.58E-14,1
dense,160,0.1,100,8,1.54E-14,8
sparse,160,0.1,100,8,1.54E-14,2
dense,160,0.1,100,9,1.78E-14,8
sparse,160,0.1,100,9,1.78E-14,2
dense,320,0.1,100,0,2.20E-14,32
sparse,320,0.1,100,0,2.20E-14,5
dense,320,0.1,100,1,2.27E-14,28
sparse,320,0.1,100,1,2.27E-14,4
dense,320,0.1,100,2,2.17E-14,30
sparse,320,0.1,100,2,2.17E-14,6
dense,320,0.1,100,3,2.35E-14,31
sparse,320,0.1,100,3,2.35E-14,6
dense,320,0.1,100,4,2.40E-14,30
sparse,320,0.1,100,4,2.40E-14,5
dense,320,0.1,100,5,2.40E-14,29
sparse,320,0.1,100,5,2.40E-14,4
dense,320,0.1,100,6,2.49E-14,30
sparse,320,0.1,100,6,2.49E-14,4
dense,320,0.1,100,7,2.38E-14,29
sparse,320,0.1,100,7,2.38E-14,4
dense,320,0.1,100,8,2.44E-14,28
sparse,320,0.1,100,8,2.44E-14,5
dense,320,0.1,100,9,2.42E-14,36
sparse,320,0.1,100,9,2.42E-14,4
dense,640,0.1,100,0,3.40E-14,110
sparse,640,0.1,100,0,3.40E-14,17
dense,640,0.1,100,1,3.24E-14,112
sparse,640,0.1,100,1,3.24E-14,17
dense,640,0.1,100,2,3.18E-14,111
sparse,640,0.1,100,2,3.18E-14,16
dense,640,0.1,100,3,3.41E-14,113
sparse,640,0.1,100,3,3.41E-14,16
dense,640,0.1,100,4,3.27E-14,114
sparse,640,0.1,100,4,3.27E-14,17
dense,640,0.1,100,5,3.73E-14,115
sparse,640,0.1,100,5,3.73E-14,17
dense,640,0.1,100,6,3.30E-14,113
sparse,640,0.1,100,6,3.30E-14,16
dense,640,0.1,100,7,3.39E-14,114
sparse,640,0.1,100,7,3.39E-14,17
dense,640,0.1,100,8,3.12E-14,110
sparse,640,0.1,100,8,3.12E-14,16
dense,640,0.1,100,9,3.33E-14,110
sparse,640,0.1,100,9,3.33E-14,16
dense,1280,0.1,100,0,5.04E-14,462
sparse,1280,0.1,100,0,5.04E-14,62
dense,1280,0.1,100,1,4.92E-14,430
sparse,1280,0.1,100,1,4.92E-14,64
dense,1280,0.1,100,2,4.61E-14,436
sparse,1280,0.1,100,2,4.61E-14,62
dense,1280,0.1,100,3,4.59E-14,444
sparse,1280,0.1,100,3,4.59E-14,70
dense,1280,0.1,100,4,4.74E-14,532
sparse,1280,0.1,100,4,4.74E-14,63
dense,1280,0.1,100,5,4.51E-14,434
sparse,1280,0.1,100,5,4.51E-14,64
dense,1280,0.1,100,6,4.62E-14,433
sparse,1280,0.1,100,6,4.62E-14,67
dense,1280,0.1,100,7,5.46E-14,438
sparse,1280,0.1,100,7,5.46E-14,69
dense,1280,0.1,100,8,4.41E-14,439
sparse,1280,0.1,100,8,4.41E-14,70
dense,1280,0.1,100,9,4.39E-14,437
sparse,1280,0.1,100,9,4.39E-14,64
dense,2560,0.1,100,0,6.56E-14,1730
sparse,2560,0.1,100,0,6.56E-14,241
dense,2560,0.1,100,1,6.78E-14,1746
sparse,2560,0.1,100,1,6.78E-14,238
dense,2560,0.1,100,2,6.44E-14,1854
sparse,2560,0.1,100,2,6.44E-14,261
dense,2560,0.1,100,3,5.96E-14,1744
sparse,2560,0.1,100,3,5.96E-14,239
dense,2560,0.1,100,4,6.26E-14,1730
sparse,2560,0.1,100,4,6.26E-14,246
dense,2560,0.1,100,5,7.02E-14,1743
sparse,2560,0.1,100,5,7.02E-14,240
dense,2560,0.1,100,6,6.09E-14,1740
sparse,2560,0.1,100,6,6.09E-14,239
dense,2560,0.1,100,7,6.15E-14,1822
sparse,2560,0.1,100,7,6.15E-14,240
dense,2560,0.1,100,8,6.21E-14,1733
sparse,2560,0.1,100,8,6.21E-14,242
dense,2560,0.1,100,9,6.89E-14,1738
sparse,2560,0.1,100,9,6.89E-14,239
dense,5120,0.1,100,0,9.65E-14,7043
sparse,5120,0.1,100,0,9.65E-14,1022
dense,5120,0.1,100,1,8.55E-14,7077
sparse,5120,0.1,100,1,8.55E-14,1072
dense,5120,0.1,100,2,8.68E-14,7103
sparse,5120,0.1,100,2,8.68E-14,1001
dense,5120,0.1,100,3,8.83E-14,6985
sparse,5120,0.1,100,3,8.83E-14,1021
dense,5120,0.1,100,4,8.76E-14,7011
sparse,5120,0.1,100,4,8.76E-14,1001
dense,5120,0.1,100,5,9.81E-14,6973
sparse,5120,0.1,100,5,9.81E-14,1004
dense,5120,0.1,100,6,9.47E-14,6897
sparse,5120,0.1,100,6,9.47E-14,1020
dense,5120,0.1,100,7,9.72E-14,6923
sparse,5120,0.1,100,7,9.72E-14,1076
dense,5120,0.1,100,8,9.06E-14,6962
sparse,5120,0.1,100,8,9.06E-14,999
dense,5120,0.1,100,9,9.01E-14,6928
sparse,5120,0.1,100,9,9.01E-14,997
dense,160,0.2,100,0,2.15E-14,8
sparse,160,0.2,100,0,2.15E-14,3
dense,160,0.2,100,1,2.55E-14,16
sparse,160,0.2,100,1,2.55E-14,2
dense,160,0.2,100,2,2.33E-14,7
sparse,160,0.2,100,2,2.33E-14,3
dense,160,0.2,100,3,2.26E-14,8
sparse,160,0.2,100,3,2.26E-14,2
dense,160,0.2,100,4,2.33E-14,7
sparse,160,0.2,100,4,2.33E-14,3
dense,160,0.2,100,5,2.31E-14,8
sparse,160,0.2,100,5,2.31E-14,3
dense,160,0.2,100,6,2.17E-14,16
sparse,160,0.2,100,6,2.17E-14,2
dense,160,0.2,100,7,2.23E-14,7
sparse,160,0.2,100,7,2.23E-14,2
dense,160,0.2,100,8,2.26E-14,7
sparse,160,0.2,100,8,2.26E-14,2
dense,160,0.2,100,9,2.61E-14,8
sparse,160,0.2,100,9,2.61E-14,2
dense,320,0.2,100,0,3.21E-14,30
sparse,320,0.2,100,0,3.21E-14,9
dense,320,0.2,100,1,3.71E-14,28
sparse,320,0.2,100,1,3.71E-14,12
dense,320,0.2,100,2,3.67E-14,36
sparse,320,0.2,100,2,3.67E-14,10
dense,320,0.2,100,3,3.27E-14,46
sparse,320,0.2,100,3,3.27E-14,9
dense,320,0.2,100,4,2.95E-14,35
sparse,320,0.2,100,4,2.95E-14,9
dense,320,0.2,100,5,3.22E-14,28
sparse,320,0.2,100,5,3.22E-14,9
dense,320,0.2,100,6,3.16E-14,30
sparse,320,0.2,100,6,3.16E-14,8
dense,320,0.2,100,7,3.12E-14,28
sparse,320,0.2,100,7,3.12E-14,8
dense,320,0.2,100,8,3.35E-14,39
sparse,320,0.2,100,8,3.35E-14,10
dense,320,0.2,100,9,3.12E-14,30
sparse,320,0.2,100,9,3.12E-14,10
dense,640,0.2,100,0,4.95E-14,111
sparse,640,0.2,100,0,4.95E-14,32
dense,640,0.2,100,1,4.29E-14,111
sparse,640,0.2,100,1,4.29E-14,31
dense,640,0.2,100,2,4.72E-14,112
sparse,640,0.2,100,2,4.72E-14,31
dense,640,0.2,100,3,4.69E-14,114
sparse,640,0.2,100,3,4.69E-14,32
dense,640,0.2,100,4,4.77E-14,112
sparse,640,0.2,100,4,4.77E-14,32
dense,640,0.2,100,5,4.43E-14,113
sparse,640,0.2,100,5,4.43E-14,32
dense,640,0.2,100,6,4.56E-14,110
sparse,640,0.2,100,6,4.56E-14,31
dense,640,0.2,100,7,4.59E-14,109
sparse,640,0.2,100,7,4.59E-14,33
dense,640,0.2,100,8,4.60E-14,112
sparse,640,0.2,100,8,4.60E-14,35
dense,640,0.2,100,9,4.33E-14,124
sparse,640,0.2,100,9,4.33E-14,32
dense,1280,0.2,100,0,6.40E-14,431
sparse,1280,0.2,100,0,6.40E-14,119
dense,1280,0.2,100,1,6.71E-14,434
sparse,1280,0.2,100,1,6.71E-14,128
dense,1280,0.2,100,2,6.29E-14,502
sparse,1280,0.2,100,2,6.29E-14,120
dense,1280,0.2,100,3,6.93E-14,443
sparse,1280,0.2,100,3,6.93E-14,120
dense,1280,0.2,100,4,6.38E-14,452
sparse,1280,0.2,100,4,6.38E-14,118
dense,1280,0.2,100,5,6.35E-14,434
sparse,1280,0.2,100,5,6.35E-14,120
dense,1280,0.2,100,6,6.00E-14,434
sparse,1280,0.2,100,6,6.00E-14,123
dense,1280,0.2,100,7,7.30E-14,435
sparse,1280,0.2,100,7,7.30E-14,119
dense,1280,0.2,100,8,6.96E-14,434
sparse,1280,0.2,100,8,6.96E-14,118
dense,1280,0.2,100,9,6.71E-14,447
sparse,1280,0.2,100,9,6.71E-14,120
dense,2560,0.2,100,0,8.55E-14,1768
sparse,2560,0.2,100,0,8.55E-14,475
dense,2560,0.2,100,1,9.02E-14,1829
sparse,2560,0.2,100,1,9.02E-14,477
dense,2560,0.2,100,2,8.56E-14,1756
sparse,2560,0.2,100,2,8.56E-14,463
dense,2560,0.2,100,3,8.99E-14,1731
sparse,2560,0.2,100,3,8.99E-14,466
dense,2560,0.2,100,4,9.13E-14,1758
sparse,2560,0.2,100,4,9.13E-14,467
dense,2560,0.2,100,5,8.78E-14,1828
sparse,2560,0.2,100,5,8.78E-14,473
dense,2560,0.2,100,6,9.79E-14,1754
sparse,2560,0.2,100,6,9.79E-14,473
dense,2560,0.2,100,7,8.63E-14,1749
sparse,2560,0.2,100,7,8.63E-14,479
dense,2560,0.2,100,8,8.85E-14,1781
sparse,2560,0.2,100,8,8.85E-14,469
dense,2560,0.2,100,9,8.69E-14,1840
sparse,2560,0.2,100,9,8.69E-14,463
dense,5120,0.2,100,0,1.21E-13,7027
sparse,5120,0.2,100,0,1.21E-13,1880
dense,5120,0.2,100,1,1.24E-13,6973
sparse,5120,0.2,100,1,1.24E-13,1898
dense,5120,0.2,100,2,1.24E-13,6979
sparse,5120,0.2,100,2,1.24E-13,1920
dense,5120,0.2,100,3,1.24E-13,7114
sparse,5120,0.2,100,3,1.24E-13,2131
dense,5120,0.2,100,4,1.29E-13,7072
sparse,5120,0.2,100,4,1.29E-13,2262
dense,5120,0.2,100,5,1.32E-13,8053
sparse,5120,0.2,100,5,1.32E-13,1954
dense,5120,0.2,100,6,1.25E-13,7159
sparse,5120,0.2,100,6,1.25E-13,1945
dense,5120,0.2,100,7,1.22E-13,7819
sparse,5120,0.2,100,7,1.22E-13,2026
dense,5120,0.2,100,8,1.27E-13,7295
sparse,5120,0.2,100,8,1.27E-13,2021
dense,5120,0.2,100,9,1.24E-13,7148
sparse,5120,0.2,100,9,1.24E-13,1908
dense,160,0.3,100,0,3.02E-14,8
sparse,160,0.3,100,0,3.02E-14,4
dense,160,0.3,100,1,3.07E-14,8
sparse,160,0.3,100,1,3.07E-14,4
dense,160,0.3,100,2,3.42E-14,7
sparse,160,0.3,100,2,3.42E-14,3
dense,160,0.3,100,3,3.50E-14,8
sparse,160,0.3,100,3,3.50E-14,4
dense,160,0.3,100,4,2.76E-14,8
sparse,160,0.3,100,4,2.76E-14,4
dense,160,0.3,100,5,3.31E-14,7
sparse,160,0.3,100,5,3.31E-14,4
dense,160,0.3,100,6,2.81E-14,9
sparse,160,0.3,100,6,2.81E-14,4
dense,160,0.3,100,7,3.20E-14,8
sparse,160,0.3,100,7,3.20E-14,3
dense,160,0.3,100,8,2.85E-14,8
sparse,160,0.3,100,8,2.85E-14,3
dense,160,0.3,100,9,3.04E-14,7
sparse,160,0.3,100,9,3.04E-14,4
dense,320,0.3,100,0,4.65E-14,28
sparse,320,0.3,100,0,4.65E-14,11
dense,320,0.3,100,1,4.26E-14,30
sparse,320,0.3,100,1,4.26E-14,12
dense,320,0.3,100,2,4.42E-14,28
sparse,320,0.3,100,2,4.42E-14,12
dense,320,0.3,100,3,4.10E-14,30
sparse,320,0.3,100,3,4.10E-14,13
dense,320,0.3,100,4,3.72E-14,33
sparse,320,0.3,100,4,3.72E-14,12
dense,320,0.3,100,5,5.73E-14,28
sparse,320,0.3,100,5,5.73E-14,12
dense,320,0.3,100,6,4.72E-14,28
sparse,320,0.3,100,6,4.72E-14,12
dense,320,0.3,100,7,4.56E-14,28
sparse,320,0.3,100,7,4.56E-14,12
dense,320,0.3,100,8,4.45E-14,28
sparse,320,0.3,100,8,4.45E-14,12
dense,320,0.3,100,9,4.36E-14,29
sparse,320,0.3,100,9,4.36E-14,12
dense,640,0.3,100,0,6.30E-14,110
sparse,640,0.3,100,0,6.30E-14,45
dense,640,0.3,100,1,6.43E-14,115
sparse,640,0.3,100,1,6.43E-14,46
dense,640,0.3,100,2,6.03E-14,108
sparse,640,0.3,100,2,6.03E-14,49
dense,640,0.3,100,3,6.56E-14,112
sparse,640,0.3,100,3,6.56E-14,45
dense,640,0.3,100,4,5.79E-14,112
sparse,640,0.3,100,4,5.79E-14,46
dense,640,0.3,100,5,6.02E-14,137
sparse,640,0.3,100,5,6.02E-14,45
dense,640,0.3,100,6,6.76E-14,112
sparse,640,0.3,100,6,6.76E-14,46
dense,640,0.3,100,7,6.66E-14,112
sparse,640,0.3,100,7,6.66E-14,46
dense,640,0.3,100,8,6.33E-14,134
sparse,640,0.3,100,8,6.33E-14,56
dense,640,0.3,100,9,6.10E-14,129
sparse,640,0.3,100,9,6.10E-14,53
dense,1280,0.3,100,0,9.23E-14,454
sparse,1280,0.3,100,0,9.23E-14,175
dense,1280,0.3,100,1,8.98E-14,435
sparse,1280,0.3,100,1,8.98E-14,175
dense,1280,0.3,100,2,8.94E-14,436
sparse,1280,0.3,100,2,8.94E-14,174
dense,1280,0.3,100,3,8.64E-14,431
sparse,1280,0.3,100,3,8.64E-14,176
dense,1280,0.3,100,4,8.44E-14,439
sparse,1280,0.3,100,4,8.44E-14,173
dense,1280,0.3,100,5,1.03E-13,434
sparse,1280,0.3,100,5,1.03E-13,176
dense,1280,0.3,100,6,8.81E-14,435
sparse,1280,0.3,100,6,8.81E-14,175
dense,1280,0.3,100,7,8.73E-14,438
sparse,1280,0.3,100,7,8.73E-14,186
dense,1280,0.3,100,8,1.02E-13,433
sparse,1280,0.3,100,8,1.02E-13,175
dense,1280,0.3,100,9,8.98E-14,439
sparse,1280,0.3,100,9,8.98E-14,175
dense,2560,0.3,100,0,1.22E-13,1745
sparse,2560,0.3,100,0,1.22E-13,715
dense,2560,0.3,100,1,1.20E-13,1738
sparse,2560,0.3,100,1,1.20E-13,694
dense,2560,0.3,100,2,1.23E-13,1726
sparse,2560,0.3,100,2,1.23E-13,699
dense,2560,0.3,100,3,1.29E-13,1737
sparse,2560,0.3,100,3,1.29E-13,722
dense,2560,0.3,100,4,1.29E-13,1733
sparse,2560,0.3,100,4,1.29E-13,692
dense,2560,0.3,100,5,1.26E-13,1738
sparse,2560,0.3,100,5,1.26E-13,692
dense,2560,0.3,100,6,1.32E-13,1727
sparse,2560,0.3,100,6,1.32E-13,688
dense,2560,0.3,100,7,1.29E-13,1803
sparse,2560,0.3,100,7,1.29E-13,702
dense,2560,0.3,100,8,1.15E-13,1808
sparse,2560,0.3,100,8,1.15E-13,694
dense,2560,0.3,100,9,1.26E-13,1738
sparse,2560,0.3,100,9,1.26E-13,699
dense,5120,0.3,100,0,1.79E-13,6998
sparse,5120,0.3,100,0,1.79E-13,2934
dense,5120,0.3,100,1,1.76E-13,6953
sparse,5120,0.3,100,1,1.76E-13,2865
dense,5120,0.3,100,2,1.81E-13,6993
sparse,5120,0.3,100,2,1.81E-13,2815
dense,5120,0.3,100,3,1.97E-13,7026
sparse,5120,0.3,100,3,1.97E-13,2825
dense,5120,0.3,100,4,1.73E-13,7014
sparse,5120,0.3,100,4,1.73E-13,2803
dense,5120,0.3,100,5,1.78E-13,7202
sparse,5120,0.3,100,5,1.78E-13,2930
dense,5120,0.3,100,6,1.69E-13,6968
sparse,5120,0.3,100,6,1.69E-13,2820
dense,5120,0.3,100,7,1.75E-13,7015
sparse,5120,0.3,100,7,1.75E-13,2834
dense,5120,0.3,100,8,1.72E-13,7036
sparse,5120,0.3,100,8,1.72E-13,2821
dense,5120,0.3,100,9,1.74E-13,7086
sparse,5120,0.3,100,9,1.74E-13,2808
dense,160,0.4,100,0,2.95E-14,11
sparse,160,0.4,100,0,2.95E-14,8
dense,160,0.4,100,1,3.48E-14,12
sparse,160,0.4,100,1,3.48E-14,5
dense,160,0.4,100,2,3.34E-14,10
sparse,160,0.4,100,2,3.34E-14,6
dense,160,0.4,100,3,3.59E-14,10
sparse,160,0.4,100,3,3.59E-14,4
dense,160,0.4,100,4,3.05E-14,12
sparse,160,0.4,100,4,3.05E-14,8
dense,160,0.4,100,5,3.10E-14,11
sparse,160,0.4,100,5,3.10E-14,6
dense,160,0.4,100,6,2.86E-14,11
sparse,160,0.4,100,6,2.86E-14,7
dense,160,0.4,100,7,3.02E-14,9
sparse,160,0.4,100,7,3.02E-14,5
dense,160,0.4,100,8,3.13E-14,9
sparse,160,0.4,100,8,3.13E-14,5
dense,160,0.4,100,9,3.10E-14,8
sparse,160,0.4,100,9,3.10E-14,4
dense,320,0.4,100,0,4.47E-14,30
sparse,320,0.4,100,0,4.47E-14,16
dense,320,0.4,100,1,4.48E-14,30
sparse,320,0.4,100,1,4.48E-14,17
dense,320,0.4,100,2,4.54E-14,28
sparse,320,0.4,100,2,4.54E-14,16
dense,320,0.4,100,3,4.13E-14,29
sparse,320,0.4,100,3,4.13E-14,15
dense,320,0.4,100,4,5.06E-14,30
sparse,320,0.4,100,4,5.06E-14,16
dense,320,0.4,100,5,4.69E-14,31
sparse,320,0.4,100,5,4.69E-14,16
dense,320,0.4,100,6,4.83E-14,31
sparse,320,0.4,100,6,4.83E-14,15
dense,320,0.4,100,7,5.30E-14,29
sparse,320,0.4,100,7,5.30E-14,15
dense,320,0.4,100,8,4.22E-14,28
sparse,320,0.4,100,8,4.22E-14,16
dense,320,0.4,100,9,3.89E-14,28
sparse,320,0.4,100,9,3.89E-14,15
dense,640,0.4,100,0,7.02E-14,110
sparse,640,0.4,100,0,7.02E-14,65
dense,640,0.4,100,1,6.19E-14,114
sparse,640,0.4,100,1,6.19E-14,68
dense,640,0.4,100,2,6.14E-14,111
sparse,640,0.4,100,2,6.14E-14,60
dense,640,0.4,100,3,6.48E-14,114
sparse,640,0.4,100,3,6.48E-14,60
dense,640,0.4,100,4,6.70E-14,109
sparse,640,0.4,100,4,6.70E-14,58
dense,640,0.4,100,5,6.65E-14,111
sparse,640,0.4,100,5,6.65E-14,60
dense,640,0.4,100,6,5.97E-14,113
sparse,640,0.4,100,6,5.97E-14,67
dense,640,0.4,100,7,6.26E-14,110
sparse,640,0.4,100,7,6.26E-14,61
dense,640,0.4,100,8,6.60E-14,110
sparse,640,0.4,100,8,6.60E-14,62
dense,640,0.4,100,9,6.27E-14,111
sparse,640,0.4,100,9,6.27E-14,60
dense,1280,0.4,100,0,8.93E-14,443
sparse,1280,0.4,100,0,8.93E-14,235
dense,1280,0.4,100,1,9.56E-14,439
sparse,1280,0.4,100,1,9.56E-14,231
dense,1280,0.4,100,2,9.25E-14,435
sparse,1280,0.4,100,2,9.25E-14,234
dense,1280,0.4,100,3,8.97E-14,433
sparse,1280,0.4,100,3,8.97E-14,251
dense,1280,0.4,100,4,9.26E-14,439
sparse,1280,0.4,100,4,9.26E-14,231
dense,1280,0.4,100,5,8.49E-14,437
sparse,1280,0.4,100,5,8.49E-14,247
dense,1280,0.4,100,6,8.50E-14,442
sparse,1280,0.4,100,6,8.50E-14,231
dense,1280,0.4,100,7,8.94E-14,460
sparse,1280,0.4,100,7,8.94E-14,246
dense,1280,0.4,100,8,9.05E-14,433
sparse,1280,0.4,100,8,9.05E-14,232
dense,1280,0.4,100,9,9.68E-14,434
sparse,1280,0.4,100,9,9.68E-14,232
dense,2560,0.4,100,0,1.27E-13,1735
sparse,2560,0.4,100,0,1.27E-13,935
dense,2560,0.4,100,1,1.28E-13,1741
sparse,2560,0.4,100,1,1.28E-13,942
dense,2560,0.4,100,2,1.17E-13,1874
sparse,2560,0.4,100,2,1.17E-13,953
dense,2560,0.4,100,3,1.23E-13,1818
sparse,2560,0.4,100,3,1.23E-13,1329
dense,2560,0.4,100,4,1.28E-13,1911
sparse,2560,0.4,100,4,1.28E-13,1051
dense,2560,0.4,100,5,1.29E-13,1793
sparse,2560,0.4,100,5,1.29E-13,980
dense,2560,0.4,100,6,1.26E-13,1805
sparse,2560,0.4,100,6,1.26E-13,958
dense,2560,0.4,100,7,1.29E-13,1750
sparse,2560,0.4,100,7,1.29E-13,1042
dense,2560,0.4,100,8,1.23E-13,1884
sparse,2560,0.4,100,8,1.23E-13,956
dense,2560,0.4,100,9,1.32E-13,1790
sparse,2560,0.4,100,9,1.32E-13,1041
dense,5120,0.4,100,0,1.85E-13,7380
sparse,5120,0.4,100,0,1.85E-13,4662
dense,5120,0.4,100,1,1.70E-13,7234
sparse,5120,0.4,100,1,1.70E-13,3933
dense,5120,0.4,100,2,1.78E-13,7163
sparse,5120,0.4,100,2,1.78E-13,4047
dense,5120,0.4,100,3,1.80E-13,9036
sparse,5120,0.4,100,3,1.80E-13,5156
dense,5120,0.4,100,4,1.81E-13,8014
sparse,5120,0.4,100,4,1.81E-13,5589
dense,5120,0.4,100,5,1.72E-13,8142
sparse,5120,0.4,100,5,1.72E-13,4564
dense,5120,0.4,100,6,1.81E-13,7386
sparse,5120,0.4,100,6,1.81E-13,4020
dense,5120,0.4,100,7,1.74E-13,7689
sparse,5120,0.4,100,7,1.74E-13,4391
dense,5120,0.4,100,8,1.94E-13,7281
sparse,5120,0.4,100,8,1.94E-13,4390
dense,5120,0.4,100,9,1.80E-13,7119
sparse,5120,0.4,100,9,1.80E-13,3826
dense,160,0.5,100,0,3.02E-14,8
sparse,160,0.5,100,0,3.02E-14,5
dense,160,0.5,100,1,3.58E-14,8
sparse,160,0.5,100,1,3.58E-14,5
dense,160,0.5,100,2,4.09E-14,7
sparse,160,0.5,100,2,4.09E-14,5
dense,160,0.5,100,3,3.78E-14,7
sparse,160,0.5,100,3,3.78E-14,5
dense,160,0.5,100,4,3.40E-14,7
sparse,160,0.5,100,4,3.40E-14,5
dense,160,0.5,100,5,4.01E-14,8
sparse,160,0.5,100,5,4.01E-14,5
dense,160,0.5,100,6,3.06E-14,8
sparse,160,0.5,100,6,3.06E-14,5
dense,160,0.5,100,7,3.97E-14,11
sparse,160,0.5,100,7,3.97E-14,6
dense,160,0.5,100,8,2.92E-14,7
sparse,160,0.5,100,8,2.92E-14,7
dense,160,0.5,100,9,3.55E-14,9
sparse,160,0.5,100,9,3.55E-14,8
dense,320,0.5,100,0,5.16E-14,39
sparse,320,0.5,100,0,5.16E-14,24
dense,320,0.5,100,1,4.70E-14,28
sparse,320,0.5,100,1,4.70E-14,19
dense,320,0.5,100,2,4.72E-14,31
sparse,320,0.5,100,2,4.72E-14,19
dense,320,0.5,100,3,4.35E-14,30
sparse,320,0.5,100,3,4.35E-14,19
dense,320,0.5,100,4,4.49E-14,28
sparse,320,0.5,100,4,4.49E-14,19
dense,320,0.5,100,5,5.62E-14,36
sparse,320,0.5,100,5,5.62E-14,19
dense,320,0.5,100,6,4.99E-14,28
sparse,320,0.5,100,6,4.99E-14,19
dense,320,0.5,100,7,5.54E-14,29
sparse,320,0.5,100,7,5.54E-14,20
dense,320,0.5,100,8,4.65E-14,29
sparse,320,0.5,100,8,4.65E-14,19
dense,320,0.5,100,9,4.35E-14,28
sparse,320,0.5,100,9,4.35E-14,19
dense,640,0.5,100,0,7.35E-14,111
sparse,640,0.5,100,0,7.35E-14,75
dense,640,0.5,100,1,7.16E-14,118
sparse,640,0.5,100,1,7.16E-14,77
dense,640,0.5,100,2,6.52E-14,118
sparse,640,0.5,100,2,6.52E-14,73
dense,640,0.5,100,3,7.03E-14,126
sparse,640,0.5,100,3,7.03E-14,77
dense,640,0.5,100,4,6.68E-14,110
sparse,640,0.5,100,4,6.68E-14,74
dense,640,0.5,100,5,6.58E-14,125
sparse,640,0.5,100,5,6.58E-14,73
dense,640,0.5,100,6,7.15E-14,111
sparse,640,0.5,100,6,7.15E-14,75
dense,640,0.5,100,7,6.77E-14,110
sparse,640,0.5,100,7,6.77E-14,78
dense,640,0.5,100,8,6.61E-14,110
sparse,640,0.5,100,8,6.61E-14,76
dense,640,0.5,100,9,6.25E-14,147
sparse,640,0.5,100,9,6.25E-14,100
dense,1280,0.5,100,0,1.07E-13,440
sparse,1280,0.5,100,0,1.07E-13,294
dense,1280,0.5,100,1,9.50E-14,447
sparse,1280,0.5,100,1,9.50E-14,293
dense,1280,0.5,100,2,9.31E-14,501
sparse,1280,0.5,100,2,9.31E-14,376
dense,1280,0.5,100,3,9.45E-14,436
sparse,1280,0.5,100,3,9.45E-14,297
dense,1280,0.5,100,4,9.27E-14,458
sparse,1280,0.5,100,4,9.27E-14,288
dense,1280,0.5,100,5,9.71E-14,453
sparse,1280,0.5,100,5,9.71E-14,289
dense,1280,0.5,100,6,9.16E-14,439
sparse,1280,0.5,100,6,9.16E-14,293
dense,1280,0.5,100,7,9.70E-14,454
sparse,1280,0.5,100,7,9.70E-14,288
dense,1280,0.5,100,8,9.98E-14,437
sparse,1280,0.5,100,8,9.98E-14,380
dense,1280,0.5,100,9,9.28E-14,473
sparse,1280,0.5,100,9,9.28E-14,294
dense,2560,0.5,100,0,1.38E-13,1744
sparse,2560,0.5,100,0,1.38E-13,1294
dense,2560,0.5,100,1,1.34E-13,1766
sparse,2560,0.5,100,1,1.34E-13,1222
dense,2560,0.5,100,2,1.34E-13,1834
sparse,2560,0.5,100,2,1.34E-13,1218
dense,2560,0.5,100,3,1.29E-13,1896
sparse,2560,0.5,100,3,1.29E-13,1181
dense,2560,0.5,100,4,1.29E-13,1789
sparse,2560,0.5,100,4,1.29E-13,1293
dense,2560,0.5,100,5,1.37E-13,1927
sparse,2560,0.5,100,5,1.37E-13,1303
dense,2560,0.5,100,6,1.33E-13,1791
sparse,2560,0.5,100,6,1.33E-13,1183
dense,2560,0.5,100,7,1.39E-13,1777
sparse,2560,0.5,100,7,1.39E-13,1165
dense,2560,0.5,100,8,1.35E-13,2032
sparse,2560,0.5,100,8,1.35E-13,1198
dense,2560,0.5,100,9,1.39E-13,1775
sparse,2560,0.5,100,9,1.39E-13,1198
dense,5120,0.5,100,0,1.86E-13,7749
sparse,5120,0.5,100,0,1.86E-13,4918
dense,5120,0.5,100,1,1.84E-13,7298
sparse,5120,0.5,100,1,1.84E-13,4832
dense,5120,0.5,100,2,1.98E-13,7496
sparse,5120,0.5,100,2,1.98E-13,5203
dense,5120,0.5,100,3,2.33E-13,7745
sparse,5120,0.5,100,3,2.33E-13,4814
dense,5120,0.5,100,4,1.88E-13,7587
sparse,5120,0.5,100,4,1.88E-13,5351
dense,5120,0.5,100,5,1.87E-13,7525
sparse,5120,0.5,100,5,1.87E-13,4960
dense,5120,0.5,100,6,1.79E-13,7321
sparse,5120,0.5,100,6,1.79E-13,4665
dense,5120,0.5,100,7,1.96E-13,7287
sparse,5120,0.5,100,7,1.96E-13,4867
dense,5120,0.5,100,8,1.96E-13,7176
sparse,5120,0.5,100,8,1.96E-13,4688
dense,5120,0.5,100,9,2.04E-13,7169
sparse,5120,0.5,100,9,2.04E-13,4975
dense,160,0.6,100,0,5.35E-14,7
sparse,160,0.6,100,0,5.35E-14,6
dense,160,0.6,100,1,3.78E-14,9
sparse,160,0.6,100,1,3.78E-14,8
dense,160,0.6,100,2,3.83E-14,8
sparse,160,0.6,100,2,3.83E-14,7
dense,160,0.6,100,3,4.55E-14,10
sparse,160,0.6,100,3,4.55E-14,9
dense,160,0.6,100,4,3.82E-14,13
sparse,160,0.6,100,4,3.82E-14,6
dense,160,0.6,100,5,4.99E-14,8
sparse,160,0.6,100,5,4.99E-14,6
dense,160,0.6,100,6,4.56E-14,9
sparse,160,0.6,100,6,4.56E-14,7
dense,160,0.6,100,7,5.16E-14,9
sparse,160,0.6,100,7,5.16E-14,7
dense,160,0.6,100,8,3.73E-14,8
sparse,160,0.6,100,8,3.73E-14,6
dense,160,0.6,100,9,4.35E-14,8
sparse,160,0.6,100,9,4.35E-14,7
dense,320,0.6,100,0,7.11E-14,28
sparse,320,0.6,100,0,7.11E-14,23
dense,320,0.6,100,1,6.69E-14,30
sparse,320,0.6,100,1,6.69E-14,23
dense,320,0.6,100,2,6.33E-14,29
sparse,320,0.6,100,2,6.33E-14,22
dense,320,0.6,100,3,6.19E-14,30
sparse,320,0.6,100,3,6.19E-14,24
dense,320,0.6,100,4,5.48E-14,28
sparse,320,0.6,100,4,5.48E-14,23
dense,320,0.6,100,5,8.13E-14,31
sparse,320,0.6,100,5,8.13E-14,24
dense,320,0.6,100,6,7.66E-14,30
sparse,320,0.6,100,6,7.66E-14,23
dense,320,0.6,100,7,6.99E-14,29
sparse,320,0.6,100,7,6.99E-14,22
dense,320,0.6,100,8,6.17E-14,30
sparse,320,0.6,100,8,6.17E-14,23
dense,320,0.6,100,9,5.18E-14,38
sparse,320,0.6,100,9,5.18E-14,27
dense,640,0.6,100,0,1.01E-13,139
sparse,640,0.6,100,0,1.01E-13,144
dense,640,0.6,100,1,8.47E-14,152
sparse,640,0.6,100,1,8.47E-14,109
dense,640,0.6,100,2,8.67E-14,113
sparse,640,0.6,100,2,8.67E-14,100
dense,640,0.6,100,3,8.98E-14,113
sparse,640,0.6,100,3,8.98E-14,96
dense,640,0.6,100,4,8.07E-14,111
sparse,640,0.6,100,4,8.07E-14,89
dense,640,0.6,100,5,9.20E-14,118
sparse,640,0.6,100,5,9.20E-14,90
dense,640,0.6,100,6,9.08E-14,109
sparse,640,0.6,100,6,9.08E-14,89
dense,640,0.6,100,7,9.12E-14,119
sparse,640,0.6,100,7,9.12E-14,90
dense,640,0.6,100,8,8.82E-14,110
sparse,640,0.6,100,8,8.82E-14,93
dense,640,0.6,100,9,8.65E-14,115
sparse,640,0.6,100,9,8.65E-14,91
dense,1280,0.6,100,0,1.46E-13,442
sparse,1280,0.6,100,0,1.46E-13,357
dense,1280,0.6,100,1,1.26E-13,455
sparse,1280,0.6,100,1,1.26E-13,345
dense,1280,0.6,100,2,1.27E-13,460
sparse,1280,0.6,100,2,1.27E-13,362
dense,1280,0.6,100,3,1.25E-13,468
sparse,1280,0.6,100,3,1.25E-13,367
dense,1280,0.6,100,4,1.19E-13,445
sparse,1280,0.6,100,4,1.19E-13,351
dense,1280,0.6,100,5,1.34E-13,443
sparse,1280,0.6,100,5,1.34E-13,349
dense,1280,0.6,100,6,1.33E-13,458
sparse,1280,0.6,100,6,1.33E-13,384
dense,1280,0.6,100,7,1.33E-13,440
sparse,1280,0.6,100,7,1.33E-13,342
dense,1280,0.6,100,8,1.33E-13,463
sparse,1280,0.6,100,8,1.33E-13,352
dense,1280,0.6,100,9,1.27E-13,452
sparse,1280,0.6,100,9,1.27E-13,347
dense,2560,0.6,100,0,1.76E-13,1759
sparse,2560,0.6,100,0,1.76E-13,1421
dense,2560,0.6,100,1,1.82E-13,1786
sparse,2560,0.6,100,1,1.82E-13,1411
dense,2560,0.6,100,2,1.67E-13,1757
sparse,2560,0.6,100,2,1.67E-13,1414
dense,2560,0.6,100,3,1.67E-13,1785
sparse,2560,0.6,100,3,1.67E-13,1505
dense,2560,0.6,100,4,1.73E-13,1940
sparse,2560,0.6,100,4,1.73E-13,1545
dense,2560,0.6,100,5,1.72E-13,1939
sparse,2560,0.6,100,5,1.72E-13,1469
dense,2560,0.6,100,6,1.76E-13,2297
sparse,2560,0.6,100,6,1.76E-13,1434
dense,2560,0.6,100,7,1.75E-13,1823
sparse,2560,0.6,100,7,1.75E-13,1407
dense,2560,0.6,100,8,1.75E-13,2212
sparse,2560,0.6,100,8,1.75E-13,1641
dense,2560,0.6,100,9,1.71E-13,1827
sparse,2560,0.6,100,9,1.71E-13,1475
dense,5120,0.6,100,0,2.41E-13,7266
sparse,5120,0.6,100,0,2.41E-13,5884
dense,5120,0.6,100,1,2.53E-13,7320
sparse,5120,0.6,100,1,2.53E-13,5936
dense,5120,0.6,100,2,2.55E-13,7546
sparse,5120,0.6,100,2,2.55E-13,5744
dense,5120,0.6,100,3,2.60E-13,7639
sparse,5120,0.6,100,3,2.60E-13,5745
dense,5120,0.6,100,4,2.42E-13,7219
sparse,5120,0.6,100,4,2.42E-13,5799
dense,5120,0.6,100,5,2.52E-13,7207
sparse,5120,0.6,100,5,2.52E-13,5663
dense,5120,0.6,100,6,2.51E-13,7141
sparse,5120,0.6,100,6,2.51E-13,7258
dense,5120,0.6,100,7,2.42E-13,7453
sparse,5120,0.6,100,7,2.42E-13,6247
dense,5120,0.6,100,8,2.54E-13,8198
sparse,5120,0.6,100,8,2.54E-13,7147
dense,5120,0.6,100,9,2.75E-13,7194
sparse,5120,0.6,100,9,2.75E-13,5914
dense,160,0.7,100,0,4.68E-14,9
sparse,160,0.7,100,0,4.68E-14,7
dense,160,0.7,100,1,5.02E-14,8
sparse,160,0.7,100,1,5.02E-14,8
dense,160,0.7,100,2,4.27E-14,7
sparse,160,0.7,100,2,4.27E-14,7
dense,160,0.7,100,3,5.09E-14,8
sparse,160,0.7,100,3,5.09E-14,7
dense,160,0.7,100,4,4.54E-14,7
sparse,160,0.7,100,4,4.54E-14,7
dense,160,0.7,100,5,5.55E-14,7
sparse,160,0.7,100,5,5.55E-14,7
dense,160,0.7,100,6,5.05E-14,7
sparse,160,0.7,100,6,5.05E-14,7
dense,160,0.7,100,7,4.88E-14,7
sparse,160,0.7,100,7,4.88E-14,7
dense,160,0.7,100,8,4.44E-14,8
sparse,160,0.7,100,8,4.44E-14,11
dense,160,0.7,100,9,4.33E-14,8
sparse,160,0.7,100,9,4.33E-14,10
dense,320,0.7,100,0,6.95E-14,27
sparse,320,0.7,100,0,6.95E-14,27
dense,320,0.7,100,1,7.19E-14,31
sparse,320,0.7,100,1,7.19E-14,29
dense,320,0.7,100,2,6.19E-14,32
sparse,320,0.7,100,2,6.19E-14,29
dense,320,0.7,100,3,7.08E-14,34
sparse,320,0.7,100,3,7.08E-14,29
dense,320,0.7,100,4,6.53E-14,30
sparse,320,0.7,100,4,6.53E-14,29
dense,320,0.7,100,5,8.76E-14,30
sparse,320,0.7,100,5,8.76E-14,27
dense,320,0.7,100,6,6.03E-14,30
sparse,320,0.7,100,6,6.03E-14,27
dense,320,0.7,100,7,6.70E-14,32
sparse,320,0.7,100,7,6.70E-14,29
dense,320,0.7,100,8,6.81E-14,34
sparse,320,0.7,100,8,6.81E-14,29
dense,320,0.7,100,9,6.34E-14,29
sparse,320,0.7,100,9,6.34E-14,30
dense,640,0.7,100,0,8.77E-14,114
sparse,640,0.7,100,0,8.77E-14,104
dense,640,0.7,100,1,9.15E-14,123
sparse,640,0.7,100,1,9.15E-14,106
dense,640,0.7,100,2,8.46E-14,111
sparse,640,0.7,100,2,8.46E-14,103
dense,640,0.7,100,3,8.98E-14,113
sparse,640,0.7,100,3,8.98E-14,103
dense,640,0.7,100,4,8.67E-14,109
sparse,640,0.7,100,4,8.67E-14,102
dense,640,0.7,100,5,8.18E-14,112
sparse,640,0.7,100,5,8.18E-14,102
dense,640,0.7,100,6,9.42E-14,111
sparse,640,0.7,100,6,9.42E-14,117
dense,640,0.7,100,7,9.70E-14,119
sparse,640,0.7,100,7,9.70E-14,112
dense,640,0.7,100,8,9.36E-14,113
sparse,640,0.7,100,8,9.36E-14,107
dense,640,0.7,100,9,8.77E-14,121
sparse,640,0.7,100,9,8.77E-14,106
dense,1280,0.7,100,0,1.49E-13,465
sparse,1280,0.7,100,0,1.49E-13,420
dense,1280,0.7,100,1,1.28E-13,545
sparse,1280,0.7,100,1,1.28E-13,483
dense,1280,0.7,100,2,1.25E-13,474
sparse,1280,0.7,100,2,1.25E-13,413
dense,1280,0.7,100,3,1.23E-13,478
sparse,1280,0.7,100,3,1.23E-13,413
dense,1280,0.7,100,4,1.24E-13,440
sparse,1280,0.7,100,4,1.24E-13,403
dense,1280,0.7,100,5,1.32E-13,438
sparse,1280,0.7,100,5,1.32E-13,402
dense,1280,0.7,100,6,1.29E-13,435
sparse,1280,0.7,100,6,1.29E-13,408
dense,1280,0.7,100,7,1.35E-13,472
sparse,1280,0.7,100,7,1.35E-13,426
dense,1280,0.7,100,8,1.33E-13,438
sparse,1280,0.7,100,8,1.33E-13,414
dense,1280,0.7,100,9,1.35E-13,437
sparse,1280,0.7,100,9,1.35E-13,451
dense,2560,0.7,100,0,1.92E-13,1764
sparse,2560,0.7,100,0,1.92E-13,1645
dense,2560,0.7,100,1,1.82E-13,1756
sparse,2560,0.7,100,1,1.82E-13,1611
dense,2560,0.7,100,2,1.80E-13,1915
sparse,2560,0.7,100,2,1.80E-13,1831
dense,2560,0.7,100,3,1.70E-13,1765
sparse,2560,0.7,100,3,1.70E-13,1662
dense,2560,0.7,100,4,1.85E-13,1914
sparse,2560,0.7,100,4,1.85E-13,1666
dense,2560,0.7,100,5,1.84E-13,1763
sparse,2560,0.7,100,5,1.84E-13,1779
dense,2560,0.7,100,6,1.73E-13,1851
sparse,2560,0.7,100,6,1.73E-13,1706
dense,2560,0.7,100,7,1.88E-13,1946
sparse,2560,0.7,100,7,1.88E-13,1680
dense,2560,0.7,100,8,1.95E-13,1802
sparse,2560,0.7,100,8,1.95E-13,1777
dense,2560,0.7,100,9,1.79E-13,1781
sparse,2560,0.7,100,9,1.79E-13,1654
dense,5120,0.7,100,0,2.65E-13,7376
sparse,5120,0.7,100,0,2.65E-13,6981
dense,5120,0.7,100,1,2.62E-13,8536
sparse,5120,0.7,100,1,2.62E-13,7282
dense,5120,0.7,100,2,2.54E-13,7460
sparse,5120,0.7,100,2,2.54E-13,7791
dense,5120,0.7,100,3,2.61E-13,7685
sparse,5120,0.7,100,3,2.61E-13,6734
dense,5120,0.7,100,4,2.47E-13,7410
sparse,5120,0.7,100,4,2.47E-13,7901
dense,5120,0.7,100,5,2.68E-13,7400
sparse,5120,0.7,100,5,2.68E-13,6823
dense,5120,0.7,100,6,2.67E-13,7285
sparse,5120,0.7,100,6,2.67E-13,7753
dense,5120,0.7,100,7,2.46E-13,7394
sparse,5120,0.7,100,7,2.46E-13,6911
dense,5120,0.7,100,8,2.60E-13,8202
sparse,5120,0.7,100,8,2.60E-13,6427
dense,5120,0.7,100,9,2.78E-13,7999
sparse,5120,0.7,100,9,2.78E-13,6644
dense,160,0.8,100,0,4.38E-14,7
sparse,160,0.8,100,0,4.38E-14,12
dense,160,0.8,100,1,5.10E-14,8
sparse,160,0.8,100,1,5.10E-14,8
dense,160,0.8,100,2,4.71E-14,10
sparse,160,0.8,100,2,4.71E-14,8
dense,160,0.8,100,3,4.14E-14,10
sparse,160,0.8,100,3,4.14E-14,8
dense,160,0.8,100,4,4.34E-14,8
sparse,160,0.8,100,4,4.34E-14,9
dense,160,0.8,100,5,5.05E-14,7
sparse,160,0.8,100,5,5.05E-14,9
dense,160,0.8,100,6,4.04E-14,7
sparse,160,0.8,100,6,4.04E-14,9
dense,160,0.8,100,7,4.65E-14,9
sparse,160,0.8,100,7,4.65E-14,8
dense,160,0.8,100,8,4.94E-14,8
sparse,160,0.8,100,8,4.94E-14,8
dense,160,0.8,100,9,4.35E-14,7
sparse,160,0.8,100,9,4.35E-14,8
dense,320,0.8,100,0,6.47E-14,33
sparse,320,0.8,100,0,6.47E-14,33
dense,320,0.8,100,1,7.44E-14,30
sparse,320,0.8,100,1,7.44E-14,31
dense,320,0.8,100,2,5.96E-14,35
sparse,320,0.8,100,2,5.96E-14,33
dense,320,0.8,100,3,6.10E-14,27
sparse,320,0.8,100,3,6.10E-14,31
dense,320,0.8,100,4,5.53E-14,31
sparse,320,0.8,100,4,5.53E-14,32
dense,320,0.8,100,5,6.89E-14,30
sparse,320,0.8,100,5,6.89E-14,31
dense,320,0.8,100,6,6.72E-14,29
sparse,320,0.8,100,6,6.72E-14,30
dense,320,0.8,100,7,6.78E-14,28
sparse,320,0.8,100,7,6.78E-14,30
dense,320,0.8,100,8,6.47E-14,29
sparse,320,0.8,100,8,6.47E-14,32
dense,320,0.8,100,9,5.72E-14,29
sparse,320,0.8,100,9,5.72E-14,30
dense,640,0.8,100,0,9.37E-14,112
sparse,640,0.8,100,0,9.37E-14,118
dense,640,0.8,100,1,9.02E-14,119
sparse,640,0.8,100,1,9.02E-14,134
dense,640,0.8,100,2,9.17E-14,112
sparse,640,0.8,100,2,9.17E-14,122
dense,640,0.8,100,3,9.46E-14,110
sparse,640,0.8,100,3,9.46E-14,117
dense,640,0.8,100,4,9.18E-14,115
sparse,640,0.8,100,4,9.18E-14,116
dense,640,0.8,100,5,9.32E-14,113
sparse,640,0.8,100,5,9.32E-14,114
dense,640,0.8,100,6,8.98E-14,114
sparse,640,0.8,100,6,8.98E-14,118
dense,640,0.8,100,7,9.67E-14,117
sparse,640,0.8,100,7,9.67E-14,121
dense,640,0.8,100,8,8.15E-14,115
sparse,640,0.8,100,8,8.15E-14,116
dense,640,0.8,100,9,9.81E-14,112
sparse,640,0.8,100,9,9.81E-14,118
dense,1280,0.8,100,0,1.38E-13,440
sparse,1280,0.8,100,0,1.38E-13,459
dense,1280,0.8,100,1,1.30E-13,465
sparse,1280,0.8,100,1,1.30E-13,495
dense,1280,0.8,100,2,1.20E-13,437
sparse,1280,0.8,100,2,1.20E-13,460
dense,1280,0.8,100,3,1.23E-13,437
sparse,1280,0.8,100,3,1.23E-13,469
dense,1280,0.8,100,4,1.28E-13,435
sparse,1280,0.8,100,4,1.28E-13,459
dense,1280,0.8,100,5,1.28E-13,436
sparse,1280,0.8,100,5,1.28E-13,465
dense,1280,0.8,100,6,1.24E-13,447
sparse,1280,0.8,100,6,1.24E-13,467
dense,1280,0.8,100,7,1.27E-13,437
sparse,1280,0.8,100,7,1.27E-13,460
dense,1280,0.8,100,8,1.21E-13,441
sparse,1280,0.8,100,8,1.21E-13,464
dense,1280,0.8,100,9,1.25E-13,435
sparse,1280,0.8,100,9,1.25E-13,556
dense,2560,0.8,100,0,1.77E-13,1757
sparse,2560,0.8,100,0,1.77E-13,1857
dense,2560,0.8,100,1,1.87E-13,1740
sparse,2560,0.8,100,1,1.87E-13,1993
dense,2560,0.8,100,2,1.78E-13,1747
sparse,2560,0.8,100,2,1.78E-13,1865
dense,2560,0.8,100,3,1.69E-13,1750
sparse,2560,0.8,100,3,1.69E-13,1859
dense,2560,0.8,100,4,1.87E-13,1749
sparse,2560,0.8,100,4,1.87E-13,1851
dense,2560,0.8,100,5,1.81E-13,1766
sparse,2560,0.8,100,5,1.81E-13,1897
dense,2560,0.8,100,6,1.66E-13,1738
sparse,2560,0.8,100,6,1.66E-13,1865
dense,2560,0.8,100,7,1.83E-13,1755
sparse,2560,0.8,100,7,1.83E-13,1874
dense,2560,0.8,100,8,1.73E-13,1736
sparse,2560,0.8,100,8,1.73E-13,1865
dense,2560,0.8,100,9,1.68E-13,1780
sparse,2560,0.8,100,9,1.68E-13,1874
dense,5120,0.8,100,0,2.44E-13,7369
sparse,5120,0.8,100,0,2.44E-13,8364
dense,5120,0.8,100,1,2.68E-13,7225
sparse,5120,0.8,100,1,2.68E-13,8602
dense,5120,0.8,100,2,2.45E-13,7927
sparse,5120,0.8,100,2,2.45E-13,8392
dense,5120,0.8,100,3,2.48E-13,7358
sparse,5120,0.8,100,3,2.48E-13,7970
dense,5120,0.8,100,4,2.54E-13,7242
sparse,5120,0.8,100,4,2.54E-13,8069
dense,5120,0.8,100,5,2.73E-13,7144
sparse,5120,0.8,100,5,2.73E-13,7506
dense,5120,0.8,100,6,2.45E-13,7152
sparse,5120,0.8,100,6,2.45E-13,7628
dense,5120,0.8,100,7,2.39E-13,7436
sparse,5120,0.8,100,7,2.39E-13,8270
dense,5120,0.8,100,8,2.59E-13,7504
sparse,5120,0.8,100,8,2.59E-13,7648
dense,5120,0.8,100,9,2.85E-13,7253
sparse,5120,0.8,100,9,2.85E-13,7490
dense,160,0.9,100,0,4.03E-14,8
sparse,160,0.9,100,0,4.03E-14,9
dense,160,0.9,100,1,4.87E-14,8
sparse,160,0.9,100,1,4.87E-14,9
dense,160,0.9,100,2,4.61E-14,7
sparse,160,0.9,100,2,4.61E-14,11
dense,160,0.9,100,3,4.03E-14,7
sparse,160,0.9,100,3,4.03E-14,9
dense,160,0.9,100,4,4.89E-14,7
sparse,160,0.9,100,4,4.89E-14,9
dense,160,0.9,100,5,5.22E-14,8
sparse,160,0.9,100,5,5.22E-14,14
dense,160,0.9,100,6,3.93E-14,8
sparse,160,0.9,100,6,3.93E-14,9
dense,160,0.9,100,7,4.74E-14,7
sparse,160,0.9,100,7,4.74E-14,9
dense,160,0.9,100,8,4.82E-14,8
sparse,160,0.9,100,8,4.82E-14,9
dense,160,0.9,100,9,4.63E-14,8
sparse,160,0.9,100,9,4.63E-14,10
dense,320,0.9,100,0,6.25E-14,29
sparse,320,0.9,100,0,6.25E-14,35
dense,320,0.9,100,1,7.11E-14,30
sparse,320,0.9,100,1,7.11E-14,34
dense,320,0.9,100,2,5.60E-14,29
sparse,320,0.9,100,2,5.60E-14,35
dense,320,0.9,100,3,6.20E-14,30
sparse,320,0.9,100,3,6.20E-14,34
dense,320,0.9,100,4,6.03E-14,30
sparse,320,0.9,100,4,6.03E-14,33
dense,320,0.9,100,5,6.76E-14,28
sparse,320,0.9,100,5,6.76E-14,33
dense,320,0.9,100,6,6.77E-14,30
sparse,320,0.9,100,6,6.77E-14,33
dense,320,0.9,100,7,6.37E-14,29
sparse,320,0.9,100,7,6.37E-14,33
dense,320,0.9,100,8,6.73E-14,29
sparse,320,0.9,100,8,6.73E-14,34
dense,320,0.9,100,9,5.69E-14,28
sparse,320,0.9,100,9,5.69E-14,33
dense,640,0.9,100,0,8.86E-14,111
sparse,640,0.9,100,0,8.86E-14,135
dense,640,0.9,100,1,8.65E-14,113
sparse,640,0.9,100,1,8.65E-14,130
dense,640,0.9,100,2,8.55E-14,112
sparse,640,0.9,100,2,8.55E-14,134
dense,640,0.9,100,3,8.61E-14,111
sparse,640,0.9,100,3,8.61E-14,141
dense,640,0.9,100,4,8.90E-14,119
sparse,640,0.9,100,4,8.90E-14,138
dense,640,0.9,100,5,8.40E-14,117
sparse,640,0.9,100,5,8.40E-14,133
dense,640,0.9,100,6,8.37E-14,125
sparse,640,0.9,100,6,8.37E-14,134
dense,640,0.9,100,7,9.39E-14,116
sparse,640,0.9,100,7,9.39E-14,129
dense,640,0.9,100,8,8.28E-14,113
sparse,640,0.9,100,8,8.28E-14,136
dense,640,0.9,100,9,8.99E-14,113
sparse,640,0.9,100,9,8.99E-14,135
dense,1280,0.9,100,0,1.38E-13,437
sparse,1280,0.9,100,0,1.38E-13,520
dense,1280,0.9,100,1,1.22E-13,455
sparse,1280,0.9,100,1,1.22E-13,597
dense,1280,0.9,100,2,1.11E-13,433
sparse,1280,0.9,100,2,1.11E-13,515
dense,1280,0.9,100,3,1.22E-13,440
sparse,1280,0.9,100,3,1.22E-13,523
dense,1280,0.9,100,4,1.23E-13,436
sparse,1280,0.9,100,4,1.23E-13,540
dense,1280,0.9,100,5,1.24E-13,545
sparse,1280,0.9,100,5,1.24E-13,606
dense,1280,0.9,100,6,1.21E-13,438
sparse,1280,0.9,100,6,1.21E-13,662
dense,1280,0.9,100,7,1.24E-13,498
sparse,1280,0.9,100,7,1.24E-13,566
dense,1280,0.9,100,8,1.21E-13,699
sparse,1280,0.9,100,8,1.21E-13,710
dense,1280,0.9,100,9,1.25E-13,463
sparse,1280,0.9,100,9,1.25E-13,646
dense,2560,0.9,100,0,1.64E-13,1878
sparse,2560,0.9,100,0,1.64E-13,2091
dense,2560,0.9,100,1,1.71E-13,1868
sparse,2560,0.9,100,1,1.71E-13,2129
dense,2560,0.9,100,2,1.74E-13,1754
sparse,2560,0.9,100,2,1.74E-13,2077
dense,2560,0.9,100,3,1.66E-13,1808
sparse,2560,0.9,100,3,1.66E-13,2155
dense,2560,0.9,100,4,1.82E-13,1809
sparse,2560,0.9,100,4,1.82E-13,2212
dense,2560,0.9,100,5,1.70E-13,1898
sparse,2560,0.9,100,5,1.70E-13,2279
dense,2560,0.9,100,6,1.64E-13,1970
sparse,2560,0.9,100,6,1.64E-13,2490
dense,2560,0.9,100,7,1.76E-13,2414
sparse,2560,0.9,100,7,1.76E-13,2547
dense,2560,0.9,100,8,1.78E-13,1930
sparse,2560,0.9,100,8,1.78E-13,2204
dense,2560,0.9,100,9,1.64E-13,1748
sparse,2560,0.9,100,9,1.64E-13,2085
dense,5120,0.9,100,0,2.36E-13,7439
sparse,5120,0.9,100,0,2.36E-13,9015
dense,5120,0.9,100,1,2.41E-13,7438
sparse,5120,0.9,100,1,2.41E-13,8963
dense,5120,0.9,100,2,2.38E-13,7908
sparse,5120,0.9,100,2,2.38E-13,8895
dense,5120,0.9,100,3,2.50E-13,7184
sparse,5120,0.9,100,3,2.50E-13,8558
dense,5120,0.9,100,4,2.39E-13,7251
sparse,5120,0.9,100,4,2.39E-13,8675
dense,5120,0.9,100,5,2.56E-13,8444
sparse,5120,0.9,100,5,2.56E-13,8992
dense,5120,0.9,100,6,2.48E-13,7198
sparse,5120,0.9,100,6,2.48E-13,8450
dense,5120,0.9,100,7,2.36E-13,7221
sparse,5120,0.9,100,7,2.36E-13,8656
dense,5120,0.9,100,8,2.48E-13,8074
sparse,5120,0.9,100,8,2.48E-13,8705
dense,5120,0.9,100,9,2.85E-13,7359
sparse,5120,0.9,100,9,2.85E-13,8795
dense,160,1,100,0,3.96E-14,8
sparse,160,1,100,0,3.96E-14,9
dense,160,1,100,1,4.91E-14,7
sparse,160,1,100,1,4.91E-14,10
dense,160,1,100,2,4.48E-14,7
sparse,160,1,100,2,4.48E-14,10
dense,160,1,100,3,5.00E-14,7
sparse,160,1,100,3,5.00E-14,10
dense,160,1,100,4,4.83E-14,14
sparse,160,1,100,4,4.83E-14,13
dense,160,1,100,5,5.53E-14,10
sparse,160,1,100,5,5.53E-14,12
dense,160,1,100,6,5.42E-14,11
sparse,160,1,100,6,5.42E-14,11
dense,160,1,100,7,5.52E-14,7
sparse,160,1,100,7,5.52E-14,11
dense,160,1,100,8,4.63E-14,8
sparse,160,1,100,8,4.63E-14,10
dense,160,1,100,9,4.63E-14,8
sparse,160,1,100,9,4.63E-14,9
dense,320,1,100,0,7.84E-14,28
sparse,320,1,100,0,7.84E-14,40
dense,320,1,100,1,6.21E-14,29
sparse,320,1,100,1,6.21E-14,38
dense,320,1,100,2,6.31E-14,35
sparse,320,1,100,2,6.31E-14,42
dense,320,1,100,3,6.05E-14,28
sparse,320,1,100,3,6.05E-14,38
dense,320,1,100,4,6.28E-14,33
sparse,320,1,100,4,6.28E-14,40
dense,320,1,100,5,8.25E-14,30
sparse,320,1,100,5,8.25E-14,39
dense,320,1,100,6,6.64E-14,29
sparse,320,1,100,6,6.64E-14,39
dense,320,1,100,7,7.81E-14,31
sparse,320,1,100,7,7.81E-14,49
dense,320,1,100,8,6.69E-14,34
sparse,320,1,100,8,6.69E-14,39
dense,320,1,100,9,6.88E-14,30
sparse,320,1,100,9,6.88E-14,37
dense,640,1,100,0,1.07E-13,111
sparse,640,1,100,0,1.07E-13,292
dense,640,1,100,1,9.94E-14,136
sparse,640,1,100,1,9.94E-14,169
dense,640,1,100,2,8.81E-14,192
sparse,640,1,100,2,8.81E-14,158
dense,640,1,100,3,9.19E-14,120
sparse,640,1,100,3,9.19E-14,157
dense,640,1,100,4,9.01E-14,115
sparse,640,1,100,4,9.01E-14,145
dense,640,1,100,5,1.00E-13,111
sparse,640,1,100,5,1.00E-13,150
dense,640,1,100,6,9.98E-14,114
sparse,640,1,100,6,9.98E-14,168
dense,640,1,100,7,1.10E-13,112
sparse,640,1,100,7,1.10E-13,151
dense,640,1,100,8,9.78E-14,111
sparse,640,1,100,8,9.78E-14,148
dense,640,1,100,9,1.08E-13,111
sparse,640,1,100,9,1.08E-13,152
dense,1280,1,100,0,1.54E-13,466
sparse,1280,1,100,0,1.54E-13,607
dense,1280,1,100,1,1.34E-13,451
sparse,1280,1,100,1,1.34E-13,655
dense,1280,1,100,2,1.29E-13,440
sparse,1280,1,100,2,1.29E-13,658
dense,1280,1,100,3,1.24E-13,461
sparse,1280,1,100,3,1.24E-13,609
dense,1280,1,100,4,1.25E-13,449
sparse,1280,1,100,4,1.25E-13,578
dense,1280,1,100,5,1.39E-13,448
sparse,1280,1,100,5,1.39E-13,598
dense,1280,1,100,6,1.29E-13,443
sparse,1280,1,100,6,1.29E-13,600
dense,1280,1,100,7,1.43E-13,448
sparse,1280,1,100,7,1.43E-13,589
dense,1280,1,100,8,1.36E-13,446
sparse,1280,1,100,8,1.36E-13,682
dense,1280,1,100,9,1.39E-13,446
sparse,1280,1,100,9,1.39E-13,585
dense,2560,1,100,0,1.84E-13,1955
sparse,2560,1,100,0,1.84E-13,2342
dense,2560,1,100,1,1.92E-13,1887
sparse,2560,1,100,1,1.92E-13,2327
dense,2560,1,100,2,2.00E-13,1831
sparse,2560,1,100,2,2.00E-13,2605
dense,2560,1,100,3,1.81E-13,2196
sparse,2560,1,100,3,1.81E-13,2373
dense,2560,1,100,4,2.04E-13,1778
sparse,2560,1,100,4,2.04E-13,2618
dense,2560,1,100,5,1.87E-13,1809
sparse,2560,1,100,5,1.87E-13,2649
dense,2560,1,100,6,1.80E-13,2448
sparse,2560,1,100,6,1.80E-13,2363
dense,2560,1,100,7,1.92E-13,1805
sparse,2560,1,100,7,1.92E-13,2393
dense,2560,1,100,8,1.89E-13,2007
sparse,2560,1,100,8,1.89E-13,2838
dense,2560,1,100,9,1.82E-13,1789
sparse,2560,1,100,9,1.82E-13,2566
dense,5120,1,100,0,2.70E-13,7327
sparse,5120,1,100,0,2.70E-13,9517
dense,5120,1,100,1,2.86E-13,7526
sparse,5120,1,100,1,2.86E-13,9868
dense,5120,1,100,2,2.54E-13,7147
sparse,5120,1,100,2,2.54E-13,9840
dense,5120,1,100,3,2.65E-13,7186
sparse,5120,1,100,3,2.65E-13,10005
dense,5120,1,100,4,2.66E-13,7934
sparse,5120,1,100,4,2.66E-13,9603
dense,5120,1,100,5,2.69E-13,7559
sparse,5120,1,100,5,2.69E-13,9344
dense,5120,1,100,6,2.77E-13,7468
sparse,5120,1,100,6,2.77E-13,11368
dense,5120,1,100,7,2.68E-13,7112
sparse,5120,1,100,7,2.68E-13,9452
dense,5120,1,100,8,2.78E-13,7111
sparse,5120,1,100,8,2.78E-13,9895
dense,5120,1,100,9,3.06E-13,7883
sparse,5120,1,100,9,3.06E-13,10241
dense,10,0.1,100,0,2.81E-16,0
sparse,10,0.1,100,0,2.81E-16,0
dense,10,0.1,100,1,0,0
sparse,10,0.1,100,1,0,0
dense,10,0.1,100,2,0,1
sparse,10,0.1,100,2,0,0
dense,10,0.1,100,3,0,0
sparse,10,0.1,100,3,0,0
dense,10,0.1,100,4,0,0
sparse,10,0.1,100,4,0,0
dense,10,0.1,100,5,2.25E-15,0
sparse,10,0.1,100,5,2.25E-15,0
dense,10,0.1,100,6,0,0
sparse,10,0.1,100,6,0,0
dense,10,0.1,100,7,0,0
sparse,10,0.1,100,7,0,0
dense,10,0.1,100,8,7.02E-17,0
sparse,10,0.1,100,8,7.02E-17,0
dense,10,0.1,100,9,0,0
sparse,10,0.1,100,9,0,0
dense,10,0.1,100,10,0,0
sparse,10,0.1,100,10,0,0
dense,10,0.1,100,11,5.62E-16,0
sparse,10,0.1,100,11,5.62E-16,0
dense,10,0.1,100,12,0,0
sparse,10,0.1,100,12,0,0
dense,10,0.1,100,13,0,0
sparse,10,0.1,100,13,0,1
dense,10,0.1,100,14,0,0
sparse,10,0.1,100,14,0,0
dense,10,0.1,100,15,0,1
sparse,10,0.1,100,15,0,0
dense,10,0.1,100,16,5.02E-15,0
sparse,10,0.1,100,16,5.02E-15,0
dense,10,0.1,100,17,0,0
sparse,10,0.1,100,17,0,0
dense,10,0.1,100,18,1.12E-15,0
sparse,10,0.1,100,18,1.12E-15,0
dense,10,0.1,100,19,2.25E-15,0
sparse,10,0.1,100,19,2.25E-15,0
dense,20,0.1,100,0,1.50E-15,0
sparse,20,0.1,100,0,1.50E-15,0
dense,20,0.1,100,1,7.94E-16,0
sparse,20,0.1,100,1,7.94E-16,0
dense,20,0.1,100,2,4.58E-15,0
sparse,20,0.1,100,2,4.58E-15,1
dense,20,0.1,100,3,3.19E-15,0
sparse,20,0.1,100,3,3.19E-15,0
dense,20,0.1,100,4,2.55E-15,0
sparse,20,0.1,100,4,2.55E-15,0
dense,20,0.1,100,5,1.78E-15,0
sparse,20,0.1,100,5,1.78E-15,0
dense,20,0.1,100,6,6.83E-17,1
sparse,20,0.1,100,6,6.83E-17,0
dense,20,0.1,100,7,3.89E-15,0
sparse,20,0.1,100,7,3.89E-15,0
dense,20,0.1,100,8,4.92E-15,0
sparse,20,0.1,100,8,4.92E-15,0
dense,20,0.1,100,9,1.22E-15,0
sparse,20,0.1,100,9,1.22E-15,0
dense,20,0.1,100,10,3.81E-15,0
sparse,20,0.1,100,10,3.81E-15,0
dense,20,0.1,100,11,9.03E-16,0
sparse,20,0.1,100,11,9.03E-16,0
dense,20,0.1,100,12,4.08E-16,0
sparse,20,0.1,100,12,4.08E-16,0
dense,20,0.1,100,13,6.38E-15,1
sparse,20,0.1,100,13,6.38E-15,0
dense,20,0.1,100,14,3.67E-15,0
sparse,20,0.1,100,14,3.67E-15,0
dense,20,0.1,100,15,1.78E-15,0
sparse,20,0.1,100,15,1.78E-15,0
dense,20,0.1,100,16,1.65E-15,0
sparse,20,0.1,100,16,1.65E-15,0
dense,20,0.1,100,17,1.09E-14,0
sparse,20,0.1,100,17,1.09E-14,0
dense,20,0.1,100,18,1.78E-15,0
sparse,20,0.1,100,18,1.78E-15,0
dense,20,0.1,100,19,3.37E-15,0
sparse,20,0.1,100,19,3.37E-15,0
dense,40,0.1,100,0,6.72E-15,1
sparse,40,0.1,100,0,6.72E-15,0
dense,40,0.1,100,1,7.47E-15,1
sparse,40,0.1,100,1,7.47E-15,0
dense,40,0.1,100,2,6.76E-15,1
sparse,40,0.1,100,2,6.76E-15,0
dense,40,0.1,100,3,1.03E-14,1
sparse,40,0.1,100,3,1.03E-14,1
dense,40,0.1,100,4,7.58E-15,1
sparse,40,0.1,100,4,7.58E-15,1
dense,40,0.1,100,5,5.56E-15,1
sparse,40,0.1,100,5,5.56E-15,0
dense,40,0.1,100,6,4.86E-15,0
sparse,40,0.1,100,6,4.86E-15,0
dense,40,0.1,100,7,9.49E-15,1
sparse,40,0.1,100,7,9.49E-15,0
dense,40,0.1,100,8,5.58E-15,1
sparse,40,0.1,100,8,5.58E-15,1
dense,40,0.1,100,9,8.70E-15,1
sparse,40,0.1,100,9,8.70E-15,0
dense,40,0.1,100,10,6.22E-15,0
sparse,40,0.1,100,10,6.22E-15,1
dense,40,0.1,100,11,6.61E-15,1
sparse,40,0.1,100,11,6.61E-15,0
dense,40,0.1,100,12,8.27E-15,1
sparse,40,0.1,100,12,8.27E-15,0
dense,40,0.1,100,13,8.81E-15,1
sparse,40,0.1,100,13,8.81E-15,1
dense,40,0.1,100,14,5.10E-15,1
sparse,40,0.1,100,14,5.10E-15,0
dense,40,0.1,100,15,1.17E-14,0
sparse,40,0.1,100,15,1.17E-14,1
dense,40,0.1,100,16,8.03E-15,1
sparse,40,0.1,100,16,8.03E-15,0
dense,40,0.1,100,17,7.40E-15,1
sparse,40,0.1,100,17,7.40E-15,0
dense,40,0.1,100,18,6.97E-15,1
sparse,40,0.1,100,18,6.97E-15,0
dense,40,0.1,100,19,6.13E-15,1
sparse,40,0.1,100,19,6.13E-15,1
dense,80,0.1,100,0,1.28E-14,3
sparse,80,0.1,100,0,1.28E-14,1
dense,80,0.1,100,1,1.13E-14,4
sparse,80,0.1,100,1,1.13E-14,0
dense,80,0.1,100,2,1.18E-14,2
sparse,80,0.1,100,2,1.18E-14,1
dense,80,0.1,100,3,1.20E-14,2
sparse,80,0.1,100,3,1.20E-14,1
dense,80,0.1,100,4,1.58E-14,4
sparse,80,0.1,100,4,1.58E-14,1
dense,80,0.1,100,5,1.30E-14,3
sparse,80,0.1,100,5,1.30E-14,0
dense,80,0.1,100,6,1.31E-14,3
sparse,80,0.1,100,6,1.31E-14,1
dense,80,0.1,100,7,1.47E-14,2
sparse,80,0.1,100,7,1.47E-14,0
dense,80,0.1,100,8,1.24E-14,1
sparse,80,0.1,100,8,1.24E-14,1
dense,80,0.1,100,9,1.19E-14,2
sparse,80,0.1,100,9,1.19E-14,0
dense,80,0.1,100,10,1.11E-14,2
sparse,80,0.1,100,10,1.11E-14,2
dense,80,0.1,100,11,1.22E-14,3
sparse,80,0.1,100,11,1.22E-14,1
dense,80,0.1,100,12,1.27E-14,2
sparse,80,0.1,100,12,1.27E-14,1
dense,80,0.1,100,13,1.48E-14,3
sparse,80,0.1,100,13,1.48E-14,1
dense,80,0.1,100,14,1.23E-14,3
sparse,80,0.1,100,14,1.23E-14,1
dense,80,0.1,100,15,1.42E-14,3
sparse,80,0.1,100,15,1.42E-14,1
dense,80,0.1,100,16,1.58E-14,2
sparse,80,0.1,100,16,1.58E-14,1
dense,80,0.1,100,17,1.78E-14,2
sparse,80,0.1,100,17,1.78E-14,0
dense,80,0.1,100,18,1.56E-14,8
sparse,80,0.1,100,18,1.56E-14,0
dense,80,0.1,100,19,1.43E-14,1
sparse,80,0.1,100,19,1.43E-14,0
dense,10,0.2,100,0,2.92E-16,0
sparse,10,0.2,100,0,2.92E-16,0
dense,10,0.2,100,1,4.46E-15,0
sparse,10,0.2,100,1,4.46E-15,0
dense,10,0.2,100,2,4.50E-15,0
sparse,10,0.2,100,2,4.50E-15,0
dense,10,0.2,100,3,1.84E-16,0
sparse,10,0.2,100,3,1.84E-16,0
dense,10,0.2,100,4,3.06E-16,0
sparse,10,0.2,100,4,3.06E-16,0
dense,10,0.2,100,5,1.53E-14,0
sparse,10,0.2,100,5,1.53E-14,0
dense,10,0.2,100,6,2.67E-15,0
sparse,10,0.2,100,6,2.67E-15,0
dense,10,0.2,100,7,1.76E-16,0
sparse,10,0.2,100,7,1.76E-16,0
dense,10,0.2,100,8,2.73E-15,0
sparse,10,0.2,100,8,2.73E-15,0
dense,10,0.2,100,9,2.25E-15,0
sparse,10,0.2,100,9,2.25E-15,0
dense,10,0.2,100,10,2.25E-15,0
sparse,10,0.2,100,10,2.25E-15,0
dense,10,0.2,100,11,1.45E-14,0
sparse,10,0.2,100,11,1.45E-14,0
dense,10,0.2,100,12,1.32E-16,0
sparse,10,0.2,100,12,1.32E-16,0
dense,10,0.2,100,13,5.08E-15,0
sparse,10,0.2,100,13,5.08E-15,0
dense,10,0.2,100,14,2.25E-15,0
sparse,10,0.2,100,14,2.25E-15,0
dense,10,0.2,100,15,4.53E-15,0
sparse,10,0.2,100,15,4.53E-15,0
dense,10,0.2,100,16,5.67E-15,0
sparse,10,0.2,100,16,5.67E-15,0
dense,10,0.2,100,17,2.38E-15,0
sparse,10,0.2,100,17,2.38E-15,0
dense,10,0.2,100,18,2.25E-15,0
sparse,10,0.2,100,18,2.25E-15,0
dense,10,0.2,100,19,2.75E-15,0
sparse,10,0.2,100,19,2.75E-15,0
dense,20,0.2,100,0,4.03E-15,0
sparse,20,0.2,100,0,4.03E-15,0
dense,20,0.2,100,1,9.11E-15,0
sparse,20,0.2,100,1,9.11E-15,0
dense,20,0.2,100,2,8.40E-15,0
sparse,20,0.2,100,2,8.40E-15,1
dense,20,0.2,100,3,1.19E-14,1
sparse,20,0.2,100,3,1.19E-14,0
dense,20,0.2,100,4,6.52E-15,0
sparse,20,0.2,100,4,6.52E-15,0
dense,20,0.2,100,5,8.09E-15,0
sparse,20,0.2,100,5,8.09E-15,0
dense,20,0.2,100,6,3.77E-15,0
sparse,20,0.2,100,6,3.77E-15,0
dense,20,0.2,100,7,1.07E-14,0
sparse,20,0.2,100,7,1.07E-14,0
dense,20,0.2,100,8,4.96E-15,0
sparse,20,0.2,100,8,4.96E-15,0
dense,20,0.2,100,9,6.96E-15,1
sparse,20,0.2,100,9,6.96E-15,1
dense,20,0.2,100,10,5.86E-15,0
sparse,20,0.2,100,10,5.86E-15,0
dense,20,0.2,100,11,5.20E-15,1
sparse,20,0.2,100,11,5.20E-15,0
dense,20,0.2,100,12,7.03E-15,1
sparse,20,0.2,100,12,7.03E-15,0
dense,20,0.2,100,13,9.37E-15,0
sparse,20,0.2,100,13,9.37E-15,0
dense,20,0.2,100,14,9.16E-15,0
sparse,20,0.2,100,14,9.16E-15,0
dense,20,0.2,100,15,1.19E-14,0
sparse,20,0.2,100,15,1.19E-14,0
dense,20,0.2,100,16,9.80E-15,1
sparse,20,0.2,100,16,9.80E-15,0
dense,20,0.2,100,17,8.96E-15,0
sparse,20,0.2,100,17,8.96E-15,0
dense,20,0.2,100,18,6.85E-15,1
sparse,20,0.2,100,18,6.85E-15,0
dense,20,0.2,100,19,7.47E-15,0
sparse,20,0.2,100,19,7.47E-15,0
dense,40,0.2,100,0,1.34E-14,0
sparse,40,0.2,100,0,1.34E-14,1
dense,40,0.2,100,1,1.03E-14,1
sparse,40,0.2,100,1,1.03E-14,1
dense,40,0.2,100,2,1.27E-14,1
sparse,40,0.2,100,2,1.27E-14,1
dense,40,0.2,100,3,9.90E-15,1
sparse,40,0.2,100,3,9.90E-15,0
dense,40,0.2,100,4,1.15E-14,1
sparse,40,0.2,100,4,1.15E-14,0
dense,40,0.2,100,5,1.26E-14,1
sparse,40,0.2,100,5,1.26E-14,1
dense,40,0.2,100,6,9.44E-15,1
sparse,40,0.2,100,6,9.44E-15,1
dense,40,0.2,100,7,1.14E-14,2
sparse,40,0.2,100,7,1.14E-14,0
dense,40,0.2,100,8,9.52E-15,1
sparse,40,0.2,100,8,9.52E-15,0
dense,40,0.2,100,9,1.28E-14,1
sparse,40,0.2,100,9,1.28E-14,1
dense,40,0.2,100,10,1.63E-14,0
sparse,40,0.2,100,10,1.63E-14,0
dense,40,0.2,100,11,1.06E-14,1
sparse,40,0.2,100,11,1.06E-14,0
dense,40,0.2,100,12,9.15E-15,1
sparse,40,0.2,100,12,9.15E-15,0
dense,40,0.2,100,13,1.15E-14,0
sparse,40,0.2,100,13,1.15E-14,1
dense,40,0.2,100,14,8.00E-15,1
sparse,40,0.2,100,14,8.00E-15,0
dense,40,0.2,100,15,1.33E-14,0
sparse,40,0.2,100,15,1.33E-14,1
dense,40,0.2,100,16,1.18E-14,1
sparse,40,0.2,100,16,1.18E-14,1
dense,40,0.2,100,17,1.58E-14,1
sparse,40,0.2,100,17,1.58E-14,0
dense,40,0.2,100,18,1.57E-14,1
sparse,40,0.2,100,18,1.57E-14,1
dense,40,0.2,100,19,1.19E-14,1
sparse,40,0.2,100,19,1.19E-14,0
dense,80,0.2,100,0,1.56E-14,3
sparse,80,0.2,100,0,1.56E-14,1
dense,80,0.2,100,1,2.16E-14,3
sparse,80,0.2,100,1,2.16E-14,1
dense,80,0.2,100,2,1.59E-14,3
sparse,80,0.2,100,2,1.59E-14,1
dense,80,0.2,100,3,1.24E-14,3
sparse,80,0.2,100,3,1.24E-14,1
dense,80,0.2,100,4,1.82E-14,3
sparse,80,0.2,100,4,1.82E-14,1
dense,80,0.2,100,5,1.41E-14,2
sparse,80,0.2,100,5,1.41E-14,0
dense,80,0.2,100,6,2.00E-14,2
sparse,80,0.2,100,6,2.00E-14,1
dense,80,0.2,100,7,1.45E-14,2
sparse,80,0.2,100,7,1.45E-14,1
dense,80,0.2,100,8,1.38E-14,3
sparse,80,0.2,100,8,1.38E-14,1
dense,80,0.2,100,9,1.79E-14,3
sparse,80,0.2,100,9,1.79E-14,1
dense,80,0.2,100,10,1.61E-14,2
sparse,80,0.2,100,10,1.61E-14,1
dense,80,0.2,100,11,1.58E-14,2
sparse,80,0.2,100,11,1.58E-14,1
dense,80,0.2,100,12,1.82E-14,2
sparse,80,0.2,100,12,1.82E-14,1
dense,80,0.2,100,13,1.58E-14,2
sparse,80,0.2,100,13,1.58E-14,1
dense,80,0.2,100,14,2.03E-14,2
sparse,80,0.2,100,14,2.03E-14,1
dense,80,0.2,100,15,1.68E-14,2
sparse,80,0.2,100,15,1.68E-14,1
dense,80,0.2,100,16,1.68E-14,2
sparse,80,0.2,100,16,1.68E-14,1
dense,80,0.2,100,17,1.58E-14,2
sparse,80,0.2,100,17,1.58E-14,0
dense,80,0.2,100,18,1.87E-14,2
sparse,80,0.2,100,18,1.87E-14,1
dense,80,0.2,100,19,2.01E-14,2
sparse,80,0.2,100,19,2.01E-14,3
dense,10,0.3,100,0,9.67E-15,1
sparse,10,0.3,100,0,9.67E-15,0
dense,10,0.3,100,1,5.35E-15,0
sparse,10,0.3,100,1,5.35E-15,0
dense,10,0.3,100,2,7.80E-15,0
sparse,10,0.3,100,2,7.80E-15,0
dense,10,0.3,100,3,8.57E-15,0
sparse,10,0.3,100,3,8.57E-15,0
dense,10,0.3,100,4,9.56E-15,0
sparse,10,0.3,100,4,9.56E-15,0
dense,10,0.3,100,5,7.11E-15,0
sparse,10,0.3,100,5,7.11E-15,0
dense,10,0.3,100,6,4.54E-15,0
sparse,10,0.3,100,6,4.54E-15,0
dense,10,0.3,100,7,6.74E-15,0
sparse,10,0.3,100,7,6.74E-15,0
dense,10,0.3,100,8,2.93E-15,0
sparse,10,0.3,100,8,2.93E-15,0
dense,10,0.3,100,9,3.36E-15,0
sparse,10,0.3,100,9,3.36E-15,0
dense,10,0.3,100,10,4.65E-15,0
sparse,10,0.3,100,10,4.65E-15,0
dense,10,0.3,100,11,6.55E-15,0
sparse,10,0.3,100,11,6.55E-15,0
dense,10,0.3,100,12,6.20E-15,0
sparse,10,0.3,100,12,6.20E-15,0
dense,10,0.3,100,13,6.36E-15,0
sparse,10,0.3,100,13,6.36E-15,0
dense,10,0.3,100,14,2.54E-15,0
sparse,10,0.3,100,14,2.54E-15,0
dense,10,0.3,100,15,8.32E-15,0
sparse,10,0.3,100,15,8.32E-15,0
dense,10,0.3,100,16,8.23E-15,0
sparse,10,0.3,100,16,8.23E-15,0
dense,10,0.3,100,17,1.28E-14,0
sparse,10,0.3,100,17,1.28E-14,1
dense,10,0.3,100,18,5.66E-15,0
sparse,10,0.3,100,18,5.66E-15,0
dense,10,0.3,100,19,2.97E-15,0
sparse,10,0.3,100,19,2.97E-15,0
dense,20,0.3,100,0,1.30E-14,0
sparse,20,0.3,100,0,1.30E-14,0
dense,20,0.3,100,1,1.42E-14,0
sparse,20,0.3,100,1,1.42E-14,0
dense,20,0.3,100,2,1.05E-14,0
sparse,20,0.3,100,2,1.05E-14,0
dense,20,0.3,100,3,9.52E-15,0
sparse,20,0.3,100,3,9.52E-15,0
dense,20,0.3,100,4,1.14E-14,0
sparse,20,0.3,100,4,1.14E-14,0
dense,20,0.3,100,5,2.33E-14,0
sparse,20,0.3,100,5,2.33E-14,0
dense,20,0.3,100,6,6.92E-15,0
sparse,20,0.3,100,6,6.92E-15,0
dense,20,0.3,100,7,9.49E-15,0
sparse,20,0.3,100,7,9.49E-15,0
dense,20,0.3,100,8,8.38E-15,0
sparse,20,0.3,100,8,8.38E-15,0
dense,20,0.3,100,9,7.96E-15,0
sparse,20,0.3,100,9,7.96E-15,1
dense,20,0.3,100,10,1.50E-14,0
sparse,20,0.3,100,10,1.50E-14,0
dense,20,0.3,100,11,1.07E-14,0
sparse,20,0.3,100,11,1.07E-14,0
dense,20,0.3,100,12,1.28E-14,0
sparse,20,0.3,100,12,1.28E-14,0
dense,20,0.3,100,13,1.78E-14,0
sparse,20,0.3,100,13,1.78E-14,0
dense,20,0.3,100,14,1.48E-14,0
sparse,20,0.3,100,14,1.48E-14,0
dense,20,0.3,100,15,6.83E-15,0
sparse,20,0.3,100,15,6.83E-15,0
dense,20,0.3,100,16,1.63E-14,1
sparse,20,0.3,100,16,1.63E-14,0
dense,20,0.3,100,17,1.70E-14,0
sparse,20,0.3,100,17,1.70E-14,0
dense,20,0.3,100,18,7.07E-15,0
sparse,20,0.3,100,18,7.07E-15,0
dense,20,0.3,100,19,1.17E-14,1
sparse,20,0.3,100,19,1.17E-14,0
dense,40,0.3,100,0,1.61E-14,1
sparse,40,0.3,100,0,1.61E-14,1
dense,40,0.3,100,1,1.43E-14,0
sparse,40,0.3,100,1,1.43E-14,1
dense,40,0.3,100,2,1.40E-14,0
sparse,40,0.3,100,2,1.40E-14,1
dense,40,0.3,100,3,1.07E-14,1
sparse,40,0.3,100,3,1.07E-14,1
dense,40,0.3,100,4,1.55E-14,1
sparse,40,0.3,100,4,1.55E-14,1
dense,40,0.3,100,5,1.71E-14,1
sparse,40,0.3,100,5,1.71E-14,1
dense,40,0.3,100,6,1.40E-14,1
sparse,40,0.3,100,6,1.40E-14,0
dense,40,0.3,100,7,9.46E-15,0
sparse,40,0.3,100,7,9.46E-15,0
dense,40,0.3,100,8,1.74E-14,1
sparse,40,0.3,100,8,1.74E-14,1
dense,40,0.3,100,9,1.51E-14,1
sparse,40,0.3,100,9,1.51E-14,1
dense,40,0.3,100,10,1.38E-14,0
sparse,40,0.3,100,10,1.38E-14,0
dense,40,0.3,100,11,1.93E-14,0
sparse,40,0.3,100,11,1.93E-14,0
dense,40,0.3,100,12,1.63E-14,0
sparse,40,0.3,100,12,1.63E-14,0
dense,40,0.3,100,13,1.31E-14,0
sparse,40,0.3,100,13,1.31E-14,0
dense,40,0.3,100,14,1.67E-14,0
sparse,40,0.3,100,14,1.67E-14,1
dense,40,0.3,100,15,1.35E-14,0
sparse,40,0.3,100,15,1.35E-14,0
dense,40,0.3,100,16,2.30E-14,1
sparse,40,0.3,100,16,2.30E-14,1
dense,40,0.3,100,17,1.25E-14,0
sparse,40,0.3,100,17,1.25E-14,0
dense,40,0.3,100,18,1.27E-14,0
sparse,40,0.3,100,18,1.27E-14,1
dense,40,0.3,100,19,1.10E-14,1
sparse,40,0.3,100,19,1.10E-14,1
dense,80,0.3,100,0,1.99E-14,2
sparse,80,0.3,100,0,1.99E-14,0
dense,80,0.3,100,1,2.30E-14,3
sparse,80,0.3,100,1,2.30E-14,1
dense,80,0.3,100,2,2.36E-14,3
sparse,80,0.3,100,2,2.36E-14,1
dense,80,0.3,100,3,1.94E-14,2
sparse,80,0.3,100,3,1.94E-14,1
dense,80,0.3,100,4,1.71E-14,2
sparse,80,0.3,100,4,1.71E-14,1
dense,80,0.3,100,5,2.57E-14,2
sparse,80,0.3,100,5,2.57E-14,1
dense,80,0.3,100,6,2.21E-14,1
sparse,80,0.3,100,6,2.21E-14,1
dense,80,0.3,100,7,2.40E-14,2
sparse,80,0.3,100,7,2.40E-14,1
dense,80,0.3,100,8,1.97E-14,2
sparse,80,0.3,100,8,1.97E-14,1
dense,80,0.3,100,9,2.70E-14,2
sparse,80,0.3,100,9,2.70E-14,1
dense,80,0.3,100,10,1.74E-14,2
sparse,80,0.3,100,10,1.74E-14,1
dense,80,0.3,100,11,2.63E-14,2
sparse,80,0.3,100,11,2.63E-14,1
dense,80,0.3,100,12,2.66E-14,2
sparse,80,0.3,100,12,2.66E-14,1
dense,80,0.3,100,13,1.72E-14,2
sparse,80,0.3,100,13,1.72E-14,1
dense,80,0.3,100,14,2.28E-14,3
sparse,80,0.3,100,14,2.28E-14,3
dense,80,0.3,100,15,2.37E-14,2
sparse,80,0.3,100,15,2.37E-14,3
dense,80,0.3,100,16,2.23E-14,2
sparse,80,0.3,100,16,2.23E-14,1
dense,80,0.3,100,17,2.77E-14,2
sparse,80,0.3,100,17,2.77E-14,1
dense,80,0.3,100,18,2.98E-14,3
sparse,80,0.3,100,18,2.98E-14,1
dense,80,0.3,100,19,1.97E-14,2
sparse,80,0.3,100,19,1.97E-14,1
dense,10,0.4,100,0,5.50E-15,0
sparse,10,0.4,100,0,5.50E-15,1
dense,10,0.4,100,1,1.28E-14,0
sparse,10,0.4,100,1,1.28E-14,0
dense,10,0.4,100,2,1.72E-14,0
sparse,10,0.4,100,2,1.72E-14,0
dense,10,0.4,100,3,5.47E-15,0
sparse,10,0.4,100,3,5.47E-15,0
dense,10,0.4,100,4,9.89E-15,0
sparse,10,0.4,100,4,9.89E-15,0
dense,10,0.4,100,5,9.38E-15,0
sparse,10,0.4,100,5,9.38E-15,0
dense,10,0.4,100,6,7.62E-15,0
sparse,10,0.4,100,6,7.62E-15,0
dense,10,0.4,100,7,6.38E-15,0
sparse,10,0.4,100,7,6.38E-15,0
dense,10,0.4,100,8,9.46E-15,0
sparse,10,0.4,100,8,9.46E-15,0
dense,10,0.4,100,9,3.81E-15,0
sparse,10,0.4,100,9,3.81E-15,0
dense,10,0.4,100,10,4.09E-15,0
sparse,10,0.4,100,10,4.09E-15,0
dense,10,0.4,100,11,6.83E-15,0
sparse,10,0.4,100,11,6.83E-15,0
dense,10,0.4,100,12,4.94E-15,0
sparse,10,0.4,100,12,4.94E-15,0
dense,10,0.4,100,13,9.97E-15,0
sparse,10,0.4,100,13,9.97E-15,0
dense,10,0.4,100,14,1.62E-14,0
sparse,10,0.4,100,14,1.62E-14,0
dense,10,0.4,100,15,7.50E-15,0
sparse,10,0.4,100,15,7.50E-15,0
dense,10,0.4,100,16,1.26E-14,0
sparse,10,0.4,100,16,1.26E-14,0
dense,10,0.4,100,17,8.11E-15,0
sparse,10,0.4,100,17,8.11E-15,0
dense,10,0.4,100,18,1.16E-14,0
sparse,10,0.4,100,18,1.16E-14,1
dense,10,0.4,100,19,3.60E-15,0
sparse,10,0.4,100,19,3.60E-15,0
dense,20,0.4,100,0,8.55E-15,0
sparse,20,0.4,100,0,8.55E-15,0
dense,20,0.4,100,1,7.29E-15,0
sparse,20,0.4,100,1,7.29E-15,0
dense,20,0.4,100,2,1.68E-14,1
sparse,20,0.4,100,2,1.68E-14,1
dense,20,0.4,100,3,1.00E-14,0
sparse,20,0.4,100,3,1.00E-14,0
dense,20,0.4,100,4,1.39E-14,0
sparse,20,0.4,100,4,1.39E-14,0
dense,20,0.4,100,5,1.89E-14,1
sparse,20,0.4,100,5,1.89E-14,1
dense,20,0.4,100,6,1.02E-14,1
sparse,20,0.4,100,6,1.02E-14,0
dense,20,0.4,100,7,1.43E-14,0
sparse,20,0.4,100,7,1.43E-14,0
dense,20,0.4,100,8,1.20E-14,0
sparse,20,0.4,100,8,1.20E-14,0
dense,20,0.4,100,9,1.09E-14,0
sparse,20,0.4,100,9,1.09E-14,0
dense,20,0.4,100,10,1.10E-14,0
sparse,20,0.4,100,10,1.10E-14,0
dense,20,0.4,100,11,1.38E-14,0
sparse,20,0.4,100,11,1.38E-14,0
dense,20,0.4,100,12,1.30E-14,0
sparse,20,0.4,100,12,1.30E-14,0
dense,20,0.4,100,13,1.18E-14,1
sparse,20,0.4,100,13,1.18E-14,0
dense,20,0.4,100,14,1.36E-14,0
sparse,20,0.4,100,14,1.36E-14,0
dense,20,0.4,100,15,1.20E-14,0
sparse,20,0.4,100,15,1.20E-14,0
dense,20,0.4,100,16,1.15E-14,0
sparse,20,0.4,100,16,1.15E-14,0
dense,20,0.4,100,17,1.52E-14,0
sparse,20,0.4,100,17,1.52E-14,0
dense,20,0.4,100,18,1.35E-14,0
sparse,20,0.4,100,18,1.35E-14,0
dense,20,0.4,100,19,1.02E-14,0
sparse,20,0.4,100,19,1.02E-14,0
dense,40,0.4,100,0,1.83E-14,1
sparse,40,0.4,100,0,1.83E-14,1
dense,40,0.4,100,1,1.45E-14,1
sparse,40,0.4,100,1,1.45E-14,0
dense,40,0.4,100,2,2.33E-14,1
sparse,40,0.4,100,2,2.33E-14,0
dense,40,0.4,100,3,1.61E-14,1
sparse,40,0.4,100,3,1.61E-14,1
dense,40,0.4,100,4,1.76E-14,1
sparse,40,0.4,100,4,1.76E-14,1
dense,40,0.4,100,5,2.26E-14,1
sparse,40,0.4,100,5,2.26E-14,0
dense,40,0.4,100,6,1.90E-14,0
sparse,40,0.4,100,6,1.90E-14,1
dense,40,0.4,100,7,1.67E-14,1
sparse,40,0.4,100,7,1.67E-14,0
dense,40,0.4,100,8,1.69E-14,1
sparse,40,0.4,100,8,1.69E-14,0
dense,40,0.4,100,9,1.79E-14,0
sparse,40,0.4,100,9,1.79E-14,0
dense,40,0.4,100,10,1.57E-14,1
sparse,40,0.4,100,10,1.57E-14,1
dense,40,0.4,100,11,1.85E-14,0
sparse,40,0.4,100,11,1.85E-14,0
dense,40,0.4,100,12,1.63E-14,4
sparse,40,0.4,100,12,1.63E-14,1
dense,40,0.4,100,13,1.69E-14,1
sparse,40,0.4,100,13,1.69E-14,1
dense,40,0.4,100,14,1.86E-14,1
sparse,40,0.4,100,14,1.86E-14,1
dense,40,0.4,100,15,1.67E-14,0
sparse,40,0.4,100,15,1.67E-14,1
dense,40,0.4,100,16,1.87E-14,1
sparse,40,0.4,100,16,1.87E-14,0
dense,40,0.4,100,17,1.83E-14,0
sparse,40,0.4,100,17,1.83E-14,0
dense,40,0.4,100,18,1.51E-14,0
sparse,40,0.4,100,18,1.51E-14,1
dense,40,0.4,100,19,1.64E-14,1
sparse,40,0.4,100,19,1.64E-14,1
dense,80,0.4,100,0,1.86E-14,1
sparse,80,0.4,100,0,1.86E-14,2
dense,80,0.4,100,1,2.03E-14,2
sparse,80,0.4,100,1,2.03E-14,2
dense,80,0.4,100,2,2.34E-14,2
sparse,80,0.4,100,2,2.34E-14,1
dense,80,0.4,100,3,2.33E-14,3
sparse,80,0.4,100,3,2.33E-14,1
dense,80,0.4,100,4,2.40E-14,2
sparse,80,0.4,100,4,2.40E-14,2
dense,80,0.4,100,5,2.25E-14,1
sparse,80,0.4,100,5,2.25E-14,1
dense,80,0.4,100,6,2.43E-14,2
sparse,80,0.4,100,6,2.43E-14,1
dense,80,0.4,100,7,2.68E-14,2
sparse,80,0.4,100,7,2.68E-14,2
dense,80,0.4,100,8,1.91E-14,3
sparse,80,0.4,100,8,1.91E-14,1
dense,80,0.4,100,9,2.17E-14,2
sparse,80,0.4,100,9,2.17E-14,1
dense,80,0.4,100,10,2.41E-14,3
sparse,80,0.4,100,10,2.41E-14,2
dense,80,0.4,100,11,1.91E-14,3
sparse,80,0.4,100,11,1.91E-14,2
dense,80,0.4,100,12,2.39E-14,3
sparse,80,0.4,100,12,2.39E-14,1
dense,80,0.4,100,13,2.13E-14,2
sparse,80,0.4,100,13,2.13E-14,2
dense,80,0.4,100,14,2.67E-14,3
sparse,80,0.4,100,14,2.67E-14,2
dense,80,0.4,100,15,2.34E-14,3
sparse,80,0.4,100,15,2.34E-14,2
dense,80,0.4,100,16,2.33E-14,1
sparse,80,0.4,100,16,2.33E-14,2
dense,80,0.4,100,17,3.09E-14,2
sparse,80,0.4,100,17,3.09E-14,1
dense,80,0.4,100,18,2.46E-14,2
sparse,80,0.4,100,18,2.46E-14,2
dense,80,0.4,100,19,2.29E-14,2
sparse,80,0.4,100,19,2.29E-14,1
dense,10,0.5,100,0,8.39E-15,0
sparse,10,0.5,100,0,8.39E-15,0
dense,10,0.5,100,1,9.18E-15,0
sparse,10,0.5,100,1,9.18E-15,0
dense,10,0.5,100,2,1.48E-14,0
sparse,10,0.5,100,2,1.48E-14,0
dense,10,0.5,100,3,6.68E-15,0
sparse,10,0.5,100,3,6.68E-15,0
dense,10,0.5,100,4,1.26E-14,0
sparse,10,0.5,100,4,1.26E-14,0
dense,10,0.5,100,5,1.32E-14,0
sparse,10,0.5,100,5,1.32E-14,0
dense,10,0.5,100,6,7.00E-15,0
sparse,10,0.5,100,6,7.00E-15,0
dense,10,0.5,100,7,4.63E-15,0
sparse,10,0.5,100,7,4.63E-15,0
dense,10,0.5,100,8,6.85E-15,1
sparse,10,0.5,100,8,6.85E-15,0
dense,10,0.5,100,9,6.46E-15,0
sparse,10,0.5,100,9,6.46E-15,0
dense,10,0.5,100,10,7.53E-15,0
sparse,10,0.5,100,10,7.53E-15,0
dense,10,0.5,100,11,6.58E-15,0
sparse,10,0.5,100,11,6.58E-15,1
dense,10,0.5,100,12,7.59E-15,0
sparse,10,0.5,100,12,7.59E-15,0
dense,10,0.5,100,13,1.34E-14,0
sparse,10,0.5,100,13,1.34E-14,0
dense,10,0.5,100,14,7.33E-15,0
sparse,10,0.5,100,14,7.33E-15,0
dense,10,0.5,100,15,1.02E-14,0
sparse,10,0.5,100,15,1.02E-14,0
dense,10,0.5,100,16,1.11E-14,0
sparse,10,0.5,100,16,1.11E-14,0
dense,10,0.5,100,17,1.36E-14,0
sparse,10,0.5,100,17,1.36E-14,0
dense,10,0.5,100,18,1.37E-14,0
sparse,10,0.5,100,18,1.37E-14,0
dense,10,0.5,100,19,4.81E-15,0
sparse,10,0.5,100,19,4.81E-15,0
dense,20,0.5,100,0,1.47E-14,0
sparse,20,0.5,100,0,1.47E-14,0
dense,20,0.5,100,1,1.10E-14,0
sparse,20,0.5,100,1,1.10E-14,0
dense,20,0.5,100,2,1.47E-14,1
sparse,20,0.5,100,2,1.47E-14,0
dense,20,0.5,100,3,2.04E-14,0
sparse,20,0.5,100,3,2.04E-14,0
dense,20,0.5,100,4,1.24E-14,0
sparse,20,0.5,100,4,1.24E-14,0
dense,20,0.5,100,5,1.87E-14,0
sparse,20,0.5,100,5,1.87E-14,0
dense,20,0.5,100,6,1.41E-14,0
sparse,20,0.5,100,6,1.41E-14,0
dense,20,0.5,100,7,1.32E-14,0
sparse,20,0.5,100,7,1.32E-14,0
dense,20,0.5,100,8,8.06E-15,0
sparse,20,0.5,100,8,8.06E-15,0
dense,20,0.5,100,9,1.04E-14,1
sparse,20,0.5,100,9,1.04E-14,0
dense,20,0.5,100,10,7.73E-15,0
sparse,20,0.5,100,10,7.73E-15,0
dense,20,0.5,100,11,9.73E-15,0
sparse,20,0.5,100,11,9.73E-15,0
dense,20,0.5,100,12,1.22E-14,1
sparse,20,0.5,100,12,1.22E-14,0
dense,20,0.5,100,13,1.62E-14,0
sparse,20,0.5,100,13,1.62E-14,0
dense,20,0.5,100,14,1.15E-14,1
sparse,20,0.5,100,14,1.15E-14,0
dense,20,0.5,100,15,1.50E-14,0
sparse,20,0.5,100,15,1.50E-14,0
dense,20,0.5,100,16,1.51E-14,1
sparse,20,0.5,100,16,1.51E-14,0
dense,20,0.5,100,17,1.22E-14,0
sparse,20,0.5,100,17,1.22E-14,0
dense,20,0.5,100,18,1.34E-14,0
sparse,20,0.5,100,18,1.34E-14,0
dense,20,0.5,100,19,1.13E-14,0
sparse,20,0.5,100,19,1.13E-14,0
dense,40,0.5,100,0,2.10E-14,1
sparse,40,0.5,100,0,2.10E-14,0
dense,40,0.5,100,1,1.85E-14,0
sparse,40,0.5,100,1,1.85E-14,0
dense,40,0.5,100,2,2.54E-14,1
sparse,40,0.5,100,2,2.54E-14,0
dense,40,0.5,100,3,1.54E-14,0
sparse,40,0.5,100,3,1.54E-14,0
dense,40,0.5,100,4,1.60E-14,0
sparse,40,0.5,100,4,1.60E-14,1
dense,40,0.5,100,5,1.52E-14,0
sparse,40,0.5,100,5,1.52E-14,0
dense,40,0.5,100,6,1.50E-14,1
sparse,40,0.5,100,6,1.50E-14,1
dense,40,0.5,100,7,1.66E-14,0
sparse,40,0.5,100,7,1.66E-14,1
dense,40,0.5,100,8,1.99E-14,1
sparse,40,0.5,100,8,1.99E-14,1
dense,40,0.5,100,9,1.63E-14,1
sparse,40,0.5,100,9,1.63E-14,1
dense,40,0.5,100,10,1.79E-14,1
sparse,40,0.5,100,10,1.79E-14,0
dense,40,0.5,100,11,2.06E-14,1
sparse,40,0.5,100,11,2.06E-14,0
dense,40,0.5,100,12,2.15E-14,0
sparse,40,0.5,100,12,2.15E-14,0
dense,40,0.5,100,13,1.82E-14,0
sparse,40,0.5,100,13,1.82E-14,0
dense,40,0.5,100,14,1.57E-14,1
sparse,40,0.5,100,14,1.57E-14,1
dense,40,0.5,100,15,1.48E-14,0
sparse,40,0.5,100,15,1.48E-14,0
dense,40,0.5,100,16,2.12E-14,1
sparse,40,0.5,100,16,2.12E-14,1
dense,40,0.5,100,17,2.03E-14,0
sparse,40,0.5,100,17,2.03E-14,1
dense,40,0.5,100,18,1.91E-14,1
sparse,40,0.5,100,18,1.91E-14,1
dense,40,0.5,100,19,1.73E-14,0
sparse,40,0.5,100,19,1.73E-14,0
dense,80,0.5,100,0,2.70E-14,2
sparse,80,0.5,100,0,2.70E-14,1
dense,80,0.5,100,1,2.24E-14,2
sparse,80,0.5,100,1,2.24E-14,1
dense,80,0.5,100,2,2.67E-14,2
sparse,80,0.5,100,2,2.67E-14,2
dense,80,0.5,100,3,2.23E-14,2
sparse,80,0.5,100,3,2.23E-14,1
dense,80,0.5,100,4,2.06E-14,2
sparse,80,0.5,100,4,2.06E-14,1
dense,80,0.5,100,5,2.84E-14,2
sparse,80,0.5,100,5,2.84E-14,1
dense,80,0.5,100,6,2.46E-14,2
sparse,80,0.5,100,6,2.46E-14,1
dense,80,0.5,100,7,2.76E-14,2
sparse,80,0.5,100,7,2.76E-14,1
dense,80,0.5,100,8,2.05E-14,2
sparse,80,0.5,100,8,2.05E-14,2
dense,80,0.5,100,9,2.39E-14,2
sparse,80,0.5,100,9,2.39E-14,1
dense,80,0.5,100,10,2.57E-14,2
sparse,80,0.5,100,10,2.57E-14,7
dense,80,0.5,100,11,2.08E-14,3
sparse,80,0.5,100,11,2.08E-14,2
dense,80,0.5,100,12,2.39E-14,2
sparse,80,0.5,100,12,2.39E-14,1
dense,80,0.5,100,13,2.44E-14,2
sparse,80,0.5,100,13,2.44E-14,2
dense,80,0.5,100,14,2.56E-14,2
sparse,80,0.5,100,14,2.56E-14,2
dense,80,0.5,100,15,2.42E-14,2
sparse,80,0.5,100,15,2.42E-14,2
dense,80,0.5,100,16,2.53E-14,3
sparse,80,0.5,100,16,2.53E-14,1
dense,80,0.5,100,17,3.23E-14,2
sparse,80,0.5,100,17,3.23E-14,2
dense,80,0.5,100,18,2.80E-14,2
sparse,80,0.5,100,18,2.80E-14,2
dense,80,0.5,100,19,2.47E-14,2
sparse,80,0.5,100,19,2.47E-14,3
dense,10,0.6,100,0,6.96E-15,0
sparse,10,0.6,100,0,6.96E-15,0
dense,10,0.6,100,1,1.73E-14,0
sparse,10,0.6,100,1,1.73E-14,0
dense,10,0.6,100,2,1.17E-14,0
sparse,10,0.6,100,2,1.17E-14,0
dense,10,0.6,100,3,1.02E-14,0
sparse,10,0.6,100,3,1.02E-14,0
dense,10,0.6,100,4,1.01E-14,0
sparse,10,0.6,100,4,1.01E-14,0
dense,10,0.6,100,5,9.68E-15,0
sparse,10,0.6,100,5,9.68E-15,1
dense,10,0.6,100,6,7.33E-15,0
sparse,10,0.6,100,6,7.33E-15,0
dense,10,0.6,100,7,1.35E-14,0
sparse,10,0.6,100,7,1.35E-14,0
dense,10,0.6,100,8,1.47E-14,0
sparse,10,0.6,100,8,1.47E-14,1
dense,10,0.6,100,9,5.01E-15,1
sparse,10,0.6,100,9,5.01E-15,0
dense,10,0.6,100,10,6.68E-15,0
sparse,10,0.6,100,10,6.68E-15,0
dense,10,0.6,100,11,1.57E-14,0
sparse,10,0.6,100,11,1.57E-14,0
dense,10,0.6,100,12,8.20E-15,0
sparse,10,0.6,100,12,8.20E-15,1
dense,10,0.6,100,13,1.29E-14,0
sparse,10,0.6,100,13,1.29E-14,0
dense,10,0.6,100,14,1.06E-14,0
sparse,10,0.6,100,14,1.06E-14,0
dense,10,0.6,100,15,8.85E-15,0
sparse,10,0.6,100,15,8.85E-15,0
dense,10,0.6,100,16,1.00E-14,0
sparse,10,0.6,100,16,1.00E-14,0
dense,10,0.6,100,17,1.67E-14,0
sparse,10,0.6,100,17,1.67E-14,0
dense,10,0.6,100,18,7.87E-15,0
sparse,10,0.6,100,18,7.87E-15,0
dense,10,0.6,100,19,4.85E-15,0
sparse,10,0.6,100,19,4.85E-15,0
dense,20,0.6,100,0,1.11E-14,0
sparse,20,0.6,100,0,1.11E-14,0
dense,20,0.6,100,1,2.06E-14,0
sparse,20,0.6,100,1,2.06E-14,0
dense,20,0.6,100,2,1.51E-14,0
sparse,20,0.6,100,2,1.51E-14,0
dense,20,0.6,100,3,1.69E-14,1
sparse,20,0.6,100,3,1.69E-14,1
dense,20,0.6,100,4,1.29E-14,0
sparse,20,0.6,100,4,1.29E-14,0
dense,20,0.6,100,5,2.75E-14,1
sparse,20,0.6,100,5,2.75E-14,0
dense,20,0.6,100,6,1.26E-14,0
sparse,20,0.6,100,6,1.26E-14,1
dense,20,0.6,100,7,1.86E-14,0
sparse,20,0.6,100,7,1.86E-14,1
dense,20,0.6,100,8,1.18E-14,0
sparse,20,0.6,100,8,1.18E-14,1
dense,20,0.6,100,9,1.90E-14,0
sparse,20,0.6,100,9,1.90E-14,0
dense,20,0.6,100,10,9.47E-15,0
sparse,20,0.6,100,10,9.47E-15,0
dense,20,0.6,100,11,1.54E-14,0
sparse,20,0.6,100,11,1.54E-14,0
dense,20,0.6,100,12,1.61E-14,0
sparse,20,0.6,100,12,1.61E-14,0
dense,20,0.6,100,13,1.66E-14,0
sparse,20,0.6,100,13,1.66E-14,0
dense,20,0.6,100,14,1.05E-14,0
sparse,20,0.6,100,14,1.05E-14,0
dense,20,0.6,100,15,1.33E-14,0
sparse,20,0.6,100,15,1.33E-14,1
dense,20,0.6,100,16,1.80E-14,0
sparse,20,0.6,100,16,1.80E-14,1
dense,20,0.6,100,17,1.13E-14,0
sparse,20,0.6,100,17,1.13E-14,0
dense,20,0.6,100,18,1.23E-14,0
sparse,20,0.6,100,18,1.23E-14,0
dense,20,0.6,100,19,1.21E-14,0
sparse,20,0.6,100,19,1.21E-14,1
dense,40,0.6,100,0,2.00E-14,0
sparse,40,0.6,100,0,2.00E-14,0
dense,40,0.6,100,1,1.55E-14,1
sparse,40,0.6,100,1,1.55E-14,0
dense,40,0.6,100,2,3.00E-14,1
sparse,40,0.6,100,2,3.00E-14,0
dense,40,0.6,100,3,2.00E-14,0
sparse,40,0.6,100,3,2.00E-14,1
dense,40,0.6,100,4,2.02E-14,0
sparse,40,0.6,100,4,2.02E-14,1
dense,40,0.6,100,5,2.13E-14,1
sparse,40,0.6,100,5,2.13E-14,0
dense,40,0.6,100,6,1.97E-14,1
sparse,40,0.6,100,6,1.97E-14,0
dense,40,0.6,100,7,1.59E-14,1
sparse,40,0.6,100,7,1.59E-14,1
dense,40,0.6,100,8,2.02E-14,0
sparse,40,0.6,100,8,2.02E-14,0
dense,40,0.6,100,9,2.30E-14,0
sparse,40,0.6,100,9,2.30E-14,1
dense,40,0.6,100,10,1.74E-14,1
sparse,40,0.6,100,10,1.74E-14,1
dense,40,0.6,100,11,1.95E-14,1
sparse,40,0.6,100,11,1.95E-14,1
dense,40,0.6,100,12,2.90E-14,1
sparse,40,0.6,100,12,2.90E-14,2
dense,40,0.6,100,13,2.02E-14,2
sparse,40,0.6,100,13,2.02E-14,2
dense,40,0.6,100,14,2.62E-14,0
sparse,40,0.6,100,14,2.62E-14,0
dense,40,0.6,100,15,1.99E-14,1
sparse,40,0.6,100,15,1.99E-14,0
dense,40,0.6,100,16,2.63E-14,0
sparse,40,0.6,100,16,2.63E-14,1
dense,40,0.6,100,17,2.38E-14,2
sparse,40,0.6,100,17,2.38E-14,0
dense,40,0.6,100,18,3.30E-14,0
sparse,40,0.6,100,18,3.30E-14,0
dense,40,0.6,100,19,2.54E-14,1
sparse,40,0.6,100,19,2.54E-14,0
dense,80,0.6,100,0,3.11E-14,2
sparse,80,0.6,100,0,3.11E-14,3
dense,80,0.6,100,1,2.83E-14,4
sparse,80,0.6,100,1,2.83E-14,2
dense,80,0.6,100,2,3.23E-14,3
sparse,80,0.6,100,2,3.23E-14,1
dense,80,0.6,100,3,3.31E-14,2
sparse,80,0.6,100,3,3.31E-14,2
dense,80,0.6,100,4,2.67E-14,2
sparse,80,0.6,100,4,2.67E-14,8
dense,80,0.6,100,5,3.64E-14,2
sparse,80,0.6,100,5,3.64E-14,2
dense,80,0.6,100,6,3.36E-14,3
sparse,80,0.6,100,6,3.36E-14,2
dense,80,0.6,100,7,2.71E-14,2
sparse,80,0.6,100,7,2.71E-14,2
dense,80,0.6,100,8,2.62E-14,2
sparse,80,0.6,100,8,2.62E-14,1
dense,80,0.6,100,9,3.22E-14,3
sparse,80,0.6,100,9,3.22E-14,2
dense,80,0.6,100,10,3.50E-14,4
sparse,80,0.6,100,10,3.50E-14,3
dense,80,0.6,100,11,2.92E-14,2
sparse,80,0.6,100,11,2.92E-14,2
dense,80,0.6,100,12,3.11E-14,3
sparse,80,0.6,100,12,3.11E-14,2
dense,80,0.6,100,13,3.47E-14,4
sparse,80,0.6,100,13,3.47E-14,2
dense,80,0.6,100,14,3.61E-14,2
sparse,80,0.6,100,14,3.61E-14,2
dense,80,0.6,100,15,2.67E-14,2
sparse,80,0.6,100,15,2.67E-14,2
dense,80,0.6,100,16,3.96E-14,2
sparse,80,0.6,100,16,3.96E-14,1
dense,80,0.6,100,17,3.63E-14,2
sparse,80,0.6,100,17,3.63E-14,2
dense,80,0.6,100,18,3.11E-14,2
sparse,80,0.6,100,18,3.11E-14,2
dense,80,0.6,100,19,3.44E-14,2
sparse,80,0.6,100,19,3.44E-14,2
dense,10,0.7,100,0,6.58E-15,0
sparse,10,0.7,100,0,6.58E-15,0
dense,10,0.7,100,1,1.45E-14,0
sparse,10,0.7,100,1,1.45E-14,0
dense,10,0.7,100,2,2.13E-14,0
sparse,10,0.7,100,2,2.13E-14,0
dense,10,0.7,100,3,9.31E-15,0
sparse,10,0.7,100,3,9.31E-15,0
dense,10,0.7,100,4,1.45E-14,0
sparse,10,0.7,100,4,1.45E-14,0
dense,10,0.7,100,5,1.95E-14,1
sparse,10,0.7,100,5,1.95E-14,0
dense,10,0.7,100,6,5.92E-15,1
sparse,10,0.7,100,6,5.92E-15,0
dense,10,0.7,100,7,1.04E-14,0
sparse,10,0.7,100,7,1.04E-14,0
dense,10,0.7,100,8,1.19E-14,0
sparse,10,0.7,100,8,1.19E-14,0
dense,10,0.7,100,9,1.04E-14,0
sparse,10,0.7,100,9,1.04E-14,0
dense,10,0.7,100,10,7.80E-15,0
sparse,10,0.7,100,10,7.80E-15,0
dense,10,0.7,100,11,1.16E-14,0
sparse,10,0.7,100,11,1.16E-14,0
dense,10,0.7,100,12,1.04E-14,0
sparse,10,0.7,100,12,1.04E-14,0
dense,10,0.7,100,13,1.53E-14,0
sparse,10,0.7,100,13,1.53E-14,0
dense,10,0.7,100,14,7.98E-15,0
sparse,10,0.7,100,14,7.98E-15,0
dense,10,0.7,100,15,1.15E-14,0
sparse,10,0.7,100,15,1.15E-14,0
dense,10,0.7,100,16,1.96E-14,0
sparse,10,0.7,100,16,1.96E-14,0
dense,10,0.7,100,17,1.74E-14,0
sparse,10,0.7,100,17,1.74E-14,0
dense,10,0.7,100,18,1.56E-14,0
sparse,10,0.7,100,18,1.56E-14,0
dense,10,0.7,100,19,7.72E-15,0
sparse,10,0.7,100,19,7.72E-15,0
dense,20,0.7,100,0,1.59E-14,0
sparse,20,0.7,100,0,1.59E-14,0
dense,20,0.7,100,1,1.20E-14,0
sparse,20,0.7,100,1,1.20E-14,1
dense,20,0.7,100,2,2.05E-14,0
sparse,20,0.7,100,2,2.05E-14,1
dense,20,0.7,100,3,1.61E-14,0
sparse,20,0.7,100,3,1.61E-14,0
dense,20,0.7,100,4,1.84E-14,0
sparse,20,0.7,100,4,1.84E-14,0
dense,20,0.7,100,5,2.59E-14,0
sparse,20,0.7,100,5,2.59E-14,0
dense,20,0.7,100,6,1.37E-14,0
sparse,20,0.7,100,6,1.37E-14,0
dense,20,0.7,100,7,1.77E-14,0
sparse,20,0.7,100,7,1.77E-14,1
dense,20,0.7,100,8,1.10E-14,1
sparse,20,0.7,100,8,1.10E-14,0
dense,20,0.7,100,9,1.92E-14,0
sparse,20,0.7,100,9,1.92E-14,0
dense,20,0.7,100,10,1.56E-14,0
sparse,20,0.7,100,10,1.56E-14,0
dense,20,0.7,100,11,1.68E-14,0
sparse,20,0.7,100,11,1.68E-14,0
dense,20,0.7,100,12,1.12E-14,0
sparse,20,0.7,100,12,1.12E-14,0
dense,20,0.7,100,13,2.15E-14,0
sparse,20,0.7,100,13,2.15E-14,0
dense,20,0.7,100,14,1.68E-14,0
sparse,20,0.7,100,14,1.68E-14,1
dense,20,0.7,100,15,1.71E-14,0
sparse,20,0.7,100,15,1.71E-14,0
dense,20,0.7,100,16,1.51E-14,0
sparse,20,0.7,100,16,1.51E-14,0
dense,20,0.7,100,17,1.36E-14,0
sparse,20,0.7,100,17,1.36E-14,0
dense,20,0.7,100,18,1.40E-14,0
sparse,20,0.7,100,18,1.40E-14,0
dense,20,0.7,100,19,1.36E-14,1
sparse,20,0.7,100,19,1.36E-14,1
dense,40,0.7,100,0,3.23E-14,1
sparse,40,0.7,100,0,3.23E-14,0
dense,40,0.7,100,1,1.76E-14,1
sparse,40,0.7,100,1,1.76E-14,1
dense,40,0.7,100,2,2.03E-14,1
sparse,40,0.7,100,2,2.03E-14,0
dense,40,0.7,100,3,2.64E-14,0
sparse,40,0.7,100,3,2.64E-14,1
dense,40,0.7,100,4,2.13E-14,0
sparse,40,0.7,100,4,2.13E-14,0
dense,40,0.7,100,5,2.73E-14,1
sparse,40,0.7,100,5,2.73E-14,1
dense,40,0.7,100,6,2.41E-14,1
sparse,40,0.7,100,6,2.41E-14,1
dense,40,0.7,100,7,1.77E-14,0
sparse,40,0.7,100,7,1.77E-14,2
dense,40,0.7,100,8,1.70E-14,1
sparse,40,0.7,100,8,1.70E-14,0
dense,40,0.7,100,9,2.38E-14,1
sparse,40,0.7,100,9,2.38E-14,1
dense,40,0.7,100,10,2.23E-14,1
sparse,40,0.7,100,10,2.23E-14,0
dense,40,0.7,100,11,2.24E-14,1
sparse,40,0.7,100,11,2.24E-14,0
dense,40,0.7,100,12,2.22E-14,1
sparse,40,0.7,100,12,2.22E-14,0
dense,40,0.7,100,13,2.10E-14,0
sparse,40,0.7,100,13,2.10E-14,0
dense,40,0.7,100,14,2.77E-14,0
sparse,40,0.7,100,14,2.77E-14,0
dense,40,0.7,100,15,2.27E-14,1
sparse,40,0.7,100,15,2.27E-14,0
dense,40,0.7,100,16,2.60E-14,0
sparse,40,0.7,100,16,2.60E-14,1
dense,40,0.7,100,17,2.36E-14,1
sparse,40,0.7,100,17,2.36E-14,1
dense,40,0.7,100,18,2.85E-14,0
sparse,40,0.7,100,18,2.85E-14,0
dense,40,0.7,100,19,2.39E-14,1
sparse,40,0.7,100,19,2.39E-14,0
dense,80,0.7,100,0,3.67E-14,2
sparse,80,0.7,100,0,3.67E-14,1
dense,80,0.7,100,1,3.91E-14,4
sparse,80,0.7,100,1,3.91E-14,2
dense,80,0.7,100,2,3.33E-14,3
sparse,80,0.7,100,2,3.33E-14,2
dense,80,0.7,100,3,3.71E-14,2
sparse,80,0.7,100,3,3.71E-14,2
dense,80,0.7,100,4,2.99E-14,2
sparse,80,0.7,100,4,2.99E-14,2
dense,80,0.7,100,5,3.21E-14,2
sparse,80,0.7,100,5,3.21E-14,2
dense,80,0.7,100,6,3.93E-14,8
sparse,80,0.7,100,6,3.93E-14,2
dense,80,0.7,100,7,3.43E-14,2
sparse,80,0.7,100,7,3.43E-14,2
dense,80,0.7,100,8,2.59E-14,2
sparse,80,0.7,100,8,2.59E-14,1
dense,80,0.7,100,9,3.75E-14,2
sparse,80,0.7,100,9,3.75E-14,2
dense,80,0.7,100,10,2.83E-14,2
sparse,80,0.7,100,10,2.83E-14,3
dense,80,0.7,100,11,3.60E-14,3
sparse,80,0.7,100,11,3.60E-14,3
dense,80,0.7,100,12,2.73E-14,4
sparse,80,0.7,100,12,2.73E-14,3
dense,80,0.7,100,13,3.69E-14,3
sparse,80,0.7,100,13,3.69E-14,2
dense,80,0.7,100,14,3.54E-14,2
sparse,80,0.7,100,14,3.54E-14,3
dense,80,0.7,100,15,3.58E-14,3
sparse,80,0.7,100,15,3.58E-14,4
dense,80,0.7,100,16,3.07E-14,2
sparse,80,0.7,100,16,3.07E-14,2
dense,80,0.7,100,17,4.09E-14,2
sparse,80,0.7,100,17,4.09E-14,1
dense,80,0.7,100,18,3.35E-14,2
sparse,80,0.7,100,18,3.35E-14,3
dense,80,0.7,100,19,3.52E-14,2
sparse,80,0.7,100,19,3.52E-14,2
dense,10,0.8,100,0,9.93E-15,0
sparse,10,0.8,100,0,9.93E-15,0
dense,10,0.8,100,1,1.75E-14,0
sparse,10,0.8,100,1,1.75E-14,0
dense,10,0.8,100,2,1.23E-14,0
sparse,10,0.8,100,2,1.23E-14,0
dense,10,0.8,100,3,8.54E-15,0
sparse,10,0.8,100,3,8.54E-15,0
dense,10,0.8,100,4,1.33E-14,0
sparse,10,0.8,100,4,1.33E-14,0
dense,10,0.8,100,5,2.32E-14,0
sparse,10,0.8,100,5,2.32E-14,0
dense,10,0.8,100,6,8.55E-15,0
sparse,10,0.8,100,6,8.55E-15,0
dense,10,0.8,100,7,1.10E-14,0
sparse,10,0.8,100,7,1.10E-14,0
dense,10,0.8,100,8,1.39E-14,0
sparse,10,0.8,100,8,1.39E-14,0
dense,10,0.8,100,9,9.15E-15,0
sparse,10,0.8,100,9,9.15E-15,0
dense,10,0.8,100,10,1.11E-14,0
sparse,10,0.8,100,10,1.11E-14,0
dense,10,0.8,100,11,1.58E-14,0
sparse,10,0.8,100,11,1.58E-14,0
dense,10,0.8,100,12,2.02E-14,0
sparse,10,0.8,100,12,2.02E-14,0
dense,10,0.8,100,13,1.74E-14,0
sparse,10,0.8,100,13,1.74E-14,0
dense,10,0.8,100,14,1.28E-14,0
sparse,10,0.8,100,14,1.28E-14,0
dense,10,0.8,100,15,1.66E-14,1
sparse,10,0.8,100,15,1.66E-14,0
dense,10,0.8,100,16,7.52E-15,0
sparse,10,0.8,100,16,7.52E-15,0
dense,10,0.8,100,17,6.76E-15,0
sparse,10,0.8,100,17,6.76E-15,1
dense,10,0.8,100,18,8.70E-15,0
sparse,10,0.8,100,18,8.70E-15,0
dense,10,0.8,100,19,6.78E-15,0
sparse,10,0.8,100,19,6.78E-15,0
dense,20,0.8,100,0,1.41E-14,0
sparse,20,0.8,100,0,1.41E-14,0
dense,20,0.8,100,1,1.07E-14,0
sparse,20,0.8,100,1,1.07E-14,0
dense,20,0.8,100,2,1.94E-14,0
sparse,20,0.8,100,2,1.94E-14,1
dense,20,0.8,100,3,1.72E-14,0
sparse,20,0.8,100,3,1.72E-14,0
dense,20,0.8,100,4,1.82E-14,1
sparse,20,0.8,100,4,1.82E-14,0
dense,20,0.8,100,5,2.03E-14,0
sparse,20,0.8,100,5,2.03E-14,0
dense,20,0.8,100,6,1.32E-14,0
sparse,20,0.8,100,6,1.32E-14,0
dense,20,0.8,100,7,1.81E-14,0
sparse,20,0.8,100,7,1.81E-14,0
dense,20,0.8,100,8,1.25E-14,0
sparse,20,0.8,100,8,1.25E-14,0
dense,20,0.8,100,9,2.05E-14,0
sparse,20,0.8,100,9,2.05E-14,0
dense,20,0.8,100,10,1.29E-14,0
sparse,20,0.8,100,10,1.29E-14,0
dense,20,0.8,100,11,2.23E-14,0
sparse,20,0.8,100,11,2.23E-14,0
dense,20,0.8,100,12,1.33E-14,0
sparse,20,0.8,100,12,1.33E-14,0
dense,20,0.8,100,13,1.92E-14,0
sparse,20,0.8,100,13,1.92E-14,0
dense,20,0.8,100,14,1.51E-14,0
sparse,20,0.8,100,14,1.51E-14,1
dense,20,0.8,100,15,2.39E-14,0
sparse,20,0.8,100,15,2.39E-14,1
dense,20,0.8,100,16,1.95E-14,0
sparse,20,0.8,100,16,1.95E-14,0
dense,20,0.8,100,17,1.45E-14,0
sparse,20,0.8,100,17,1.45E-14,0
dense,20,0.8,100,18,1.28E-14,0
sparse,20,0.8,100,18,1.28E-14,0
dense,20,0.8,100,19,1.66E-14,1
sparse,20,0.8,100,19,1.66E-14,1
dense,40,0.8,100,0,1.91E-14,0
sparse,40,0.8,100,0,1.91E-14,1
dense,40,0.8,100,1,1.94E-14,1
sparse,40,0.8,100,1,1.94E-14,1
dense,40,0.8,100,2,2.00E-14,1
sparse,40,0.8,100,2,2.00E-14,1
dense,40,0.8,100,3,2.81E-14,1
sparse,40,0.8,100,3,2.81E-14,1
dense,40,0.8,100,4,2.37E-14,1
sparse,40,0.8,100,4,2.37E-14,1
dense,40,0.8,100,5,2.59E-14,1
sparse,40,0.8,100,5,2.59E-14,0
dense,40,0.8,100,6,2.11E-14,0
sparse,40,0.8,100,6,2.11E-14,1
dense,40,0.8,100,7,1.99E-14,1
sparse,40,0.8,100,7,1.99E-14,1
dense,40,0.8,100,8,1.84E-14,1
sparse,40,0.8,100,8,1.84E-14,1
dense,40,0.8,100,9,2.60E-14,0
sparse,40,0.8,100,9,2.60E-14,1
dense,40,0.8,100,10,2.17E-14,0
sparse,40,0.8,100,10,2.17E-14,1
dense,40,0.8,100,11,2.33E-14,1
sparse,40,0.8,100,11,2.33E-14,1
dense,40,0.8,100,12,1.96E-14,1
sparse,40,0.8,100,12,1.96E-14,1
dense,40,0.8,100,13,2.58E-14,1
sparse,40,0.8,100,13,2.58E-14,2
dense,40,0.8,100,14,1.65E-14,1
sparse,40,0.8,100,14,1.65E-14,1
dense,40,0.8,100,15,2.26E-14,1
sparse,40,0.8,100,15,2.26E-14,1
dense,40,0.8,100,16,3.02E-14,0
sparse,40,0.8,100,16,3.02E-14,1
dense,40,0.8,100,17,2.83E-14,1
sparse,40,0.8,100,17,2.83E-14,1
dense,40,0.8,100,18,1.97E-14,1
sparse,40,0.8,100,18,1.97E-14,1
dense,40,0.8,100,19,2.43E-14,1
sparse,40,0.8,100,19,2.43E-14,1
dense,80,0.8,100,0,3.30E-14,2
sparse,80,0.8,100,0,3.30E-14,3
dense,80,0.8,100,1,3.17E-14,4
sparse,80,0.8,100,1,3.17E-14,5
dense,80,0.8,100,2,3.65E-14,4
sparse,80,0.8,100,2,3.65E-14,3
dense,80,0.8,100,3,3.28E-14,3
sparse,80,0.8,100,3,3.28E-14,3
dense,80,0.8,100,4,3.02E-14,4
sparse,80,0.8,100,4,3.02E-14,4
dense,80,0.8,100,5,3.01E-14,4
sparse,80,0.8,100,5,3.01E-14,3
dense,80,0.8,100,6,3.31E-14,4
sparse,80,0.8,100,6,3.31E-14,4
dense,80,0.8,100,7,3.48E-14,2
sparse,80,0.8,100,7,3.48E-14,3
dense,80,0.8,100,8,2.38E-14,4
sparse,80,0.8,100,8,2.38E-14,3
dense,80,0.8,100,9,3.85E-14,4
sparse,80,0.8,100,9,3.85E-14,3
dense,80,0.8,100,10,2.90E-14,3
sparse,80,0.8,100,10,2.90E-14,3
dense,80,0.8,100,11,2.85E-14,2
sparse,80,0.8,100,11,2.85E-14,3
dense,80,0.8,100,12,3.17E-14,2
sparse,80,0.8,100,12,3.17E-14,3
dense,80,0.8,100,13,3.30E-14,3
sparse,80,0.8,100,13,3.30E-14,3
dense,80,0.8,100,14,3.56E-14,3
sparse,80,0.8,100,14,3.56E-14,2
dense,80,0.8,100,15,3.10E-14,3
sparse,80,0.8,100,15,3.10E-14,3
dense,80,0.8,100,16,3.39E-14,3
sparse,80,0.8,100,16,3.39E-14,4
dense,80,0.8,100,17,3.73E-14,4
sparse,80,0.8,100,17,3.73E-14,6
dense,80,0.8,100,18,3.45E-14,6
sparse,80,0.8,100,18,3.45E-14,2
dense,80,0.8,100,19,2.80E-14,3
sparse,80,0.8,100,19,2.80E-14,3
dense,10,0.9,100,0,1.02E-14,0
sparse,10,0.9,100,0,1.02E-14,0
dense,10,0.9,100,1,1.57E-14,0
sparse,10,0.9,100,1,1.57E-14,0
dense,10,0.9,100,2,2.31E-14,0
sparse,10,0.9,100,2,2.31E-14,1
dense,10,0.9,100,3,1.42E-14,0
sparse,10,0.9,100,3,1.42E-14,0
dense,10,0.9,100,4,8.25E-15,0
sparse,10,0.9,100,4,8.25E-15,0
dense,10,0.9,100,5,1.70E-14,0
sparse,10,0.9,100,5,1.70E-14,0
dense,10,0.9,100,6,9.97E-15,0
sparse,10,0.9,100,6,9.97E-15,0
dense,10,0.9,100,7,1.49E-14,0
sparse,10,0.9,100,7,1.49E-14,0
dense,10,0.9,100,8,1.52E-14,0
sparse,10,0.9,100,8,1.52E-14,0
dense,10,0.9,100,9,8.45E-15,0
sparse,10,0.9,100,9,8.45E-15,0
dense,10,0.9,100,10,1.44E-14,0
sparse,10,0.9,100,10,1.44E-14,0
dense,10,0.9,100,11,1.33E-14,0
sparse,10,0.9,100,11,1.33E-14,0
dense,10,0.9,100,12,1.63E-14,0
sparse,10,0.9,100,12,1.63E-14,0
dense,10,0.9,100,13,1.39E-14,0
sparse,10,0.9,100,13,1.39E-14,0
dense,10,0.9,100,14,6.25E-15,1
sparse,10,0.9,100,14,6.25E-15,0
dense,10,0.9,100,15,1.63E-14,0
sparse,10,0.9,100,15,1.63E-14,1
dense,10,0.9,100,16,1.83E-14,0
sparse,10,0.9,100,16,1.83E-14,0
dense,10,0.9,100,17,1.27E-14,0
sparse,10,0.9,100,17,1.27E-14,0
dense,10,0.9,100,18,1.45E-14,0
sparse,10,0.9,100,18,1.45E-14,0
dense,10,0.9,100,19,1.05E-14,0
sparse,10,0.9,100,19,1.05E-14,0
dense,20,0.9,100,0,1.41E-14,0
sparse,20,0.9,100,0,1.41E-14,0
dense,20,0.9,100,1,1.53E-14,1
sparse,20,0.9,100,1,1.53E-14,0
dense,20,0.9,100,2,1.87E-14,0
sparse,20,0.9,100,2,1.87E-14,0
dense,20,0.9,100,3,1.98E-14,0
sparse,20,0.9,100,3,1.98E-14,1
dense,20,0.9,100,4,2.24E-14,0
sparse,20,0.9,100,4,2.24E-14,0
dense,20,0.9,100,5,1.56E-14,1
sparse,20,0.9,100,5,1.56E-14,0
dense,20,0.9,100,6,1.79E-14,0
sparse,20,0.9,100,6,1.79E-14,0
dense,20,0.9,100,7,1.70E-14,0
sparse,20,0.9,100,7,1.70E-14,0
dense,20,0.9,100,8,1.53E-14,0
sparse,20,0.9,100,8,1.53E-14,0
dense,20,0.9,100,9,2.10E-14,0
sparse,20,0.9,100,9,2.10E-14,1
dense,20,0.9,100,10,1.82E-14,0
sparse,20,0.9,100,10,1.82E-14,0
dense,20,0.9,100,11,1.36E-14,0
sparse,20,0.9,100,11,1.36E-14,0
dense,20,0.9,100,12,9.84E-15,0
sparse,20,0.9,100,12,9.84E-15,1
dense,20,0.9,100,13,2.33E-14,0
sparse,20,0.9,100,13,2.33E-14,0
dense,20,0.9,100,14,1.49E-14,0
sparse,20,0.9,100,14,1.49E-14,0
dense,20,0.9,100,15,1.59E-14,0
sparse,20,0.9,100,15,1.59E-14,1
dense,20,0.9,100,16,1.41E-14,0
sparse,20,0.9,100,16,1.41E-14,0
dense,20,0.9,100,17,1.14E-14,0
sparse,20,0.9,100,17,1.14E-14,0
dense,20,0.9,100,18,1.76E-14,1
sparse,20,0.9,100,18,1.76E-14,0
dense,20,0.9,100,19,1.89E-14,0
sparse,20,0.9,100,19,1.89E-14,0
dense,40,0.9,100,0,2.09E-14,1
sparse,40,0.9,100,0,2.09E-14,2
dense,40,0.9,100,1,2.20E-14,2
sparse,40,0.9,100,1,2.20E-14,1
dense,40,0.9,100,2,2.31E-14,1
sparse,40,0.9,100,2,2.31E-14,1
dense,40,0.9,100,3,2.20E-14,1
sparse,40,0.9,100,3,2.20E-14,1
dense,40,0.9,100,4,2.23E-14,1
sparse,40,0.9,100,4,2.23E-14,1
dense,40,0.9,100,5,1.85E-14,1
sparse,40,0.9,100,5,1.85E-14,1
dense,40,0.9,100,6,2.19E-14,1
sparse,40,0.9,100,6,2.19E-14,0
dense,40,0.9,100,7,2.06E-14,1
sparse,40,0.9,100,7,2.06E-14,2
dense,40,0.9,100,8,1.87E-14,1
sparse,40,0.9,100,8,1.87E-14,1
dense,40,0.9,100,9,2.38E-14,1
sparse,40,0.9,100,9,2.38E-14,0
dense,40,0.9,100,10,2.07E-14,1
sparse,40,0.9,100,10,2.07E-14,1
dense,40,0.9,100,11,1.97E-14,0
sparse,40,0.9,100,11,1.97E-14,1
dense,40,0.9,100,12,1.68E-14,1
sparse,40,0.9,100,12,1.68E-14,1
dense,40,0.9,100,13,2.61E-14,1
sparse,40,0.9,100,13,2.61E-14,1
dense,40,0.9,100,14,2.47E-14,1
sparse,40,0.9,100,14,2.47E-14,0
dense,40,0.9,100,15,2.57E-14,1
sparse,40,0.9,100,15,2.57E-14,1
dense,40,0.9,100,16,2.15E-14,1
sparse,40,0.9,100,16,2.15E-14,1
dense,40,0.9,100,17,2.60E-14,0
sparse,40,0.9,100,17,2.60E-14,1
dense,40,0.9,100,18,2.34E-14,0
sparse,40,0.9,100,18,2.34E-14,1
dense,40,0.9,100,19,2.29E-14,1
sparse,40,0.9,100,19,2.29E-14,2
dense,80,0.9,100,0,3.24E-14,2
sparse,80,0.9,100,0,3.24E-14,3
dense,80,0.9,100,1,3.29E-14,4
sparse,80,0.9,100,1,3.29E-14,4
dense,80,0.9,100,2,4.06E-14,3
sparse,80,0.9,100,2,4.06E-14,3
dense,80,0.9,100,3,3.30E-14,3
sparse,80,0.9,100,3,3.30E-14,4
dense,80,0.9,100,4,2.75E-14,2
sparse,80,0.9,100,4,2.75E-14,3
dense,80,0.9,100,5,3.53E-14,2
sparse,80,0.9,100,5,3.53E-14,10
dense,80,0.9,100,6,3.53E-14,2
sparse,80,0.9,100,6,3.53E-14,3
dense,80,0.9,100,7,3.36E-14,3
sparse,80,0.9,100,7,3.36E-14,4
dense,80,0.9,100,8,2.81E-14,2
sparse,80,0.9,100,8,2.81E-14,2
dense,80,0.9,100,9,3.50E-14,2
sparse,80,0.9,100,9,3.50E-14,2
dense,80,0.9,100,10,3.01E-14,2
sparse,80,0.9,100,10,3.01E-14,2
dense,80,0.9,100,11,2.93E-14,2
sparse,80,0.9,100,11,2.93E-14,2
dense,80,0.9,100,12,2.92E-14,2
sparse,80,0.9,100,12,2.92E-14,3
dense,80,0.9,100,13,3.51E-14,1
sparse,80,0.9,100,13,3.51E-14,3
dense,80,0.9,100,14,3.75E-14,2
sparse,80,0.9,100,14,3.75E-14,2
dense,80,0.9,100,15,3.26E-14,3
sparse,80,0.9,100,15,3.26E-14,2
dense,80,0.9,100,16,3.37E-14,2
sparse,80,0.9,100,16,3.37E-14,2
dense,80,0.9,100,17,4.54E-14,2
sparse,80,0.9,100,17,4.54E-14,2
dense,80,0.9,100,18,3.70E-14,2
sparse,80,0.9,100,18,3.70E-14,2
dense,80,0.9,100,19,3.00E-14,2
sparse,80,0.9,100,19,3.00E-14,2
dense,10,1,100,0,1.57E-14,0
sparse,10,1,100,0,1.57E-14,0
dense,10,1,100,1,1.39E-14,0
sparse,10,1,100,1,1.39E-14,0
dense,10,1,100,2,2.51E-14,0
sparse,10,1,100,2,2.51E-14,0
dense,10,1,100,3,2.03E-14,0
sparse,10,1,100,3,2.03E-14,0
dense,10,1,100,4,1.15E-14,0
sparse,10,1,100,4,1.15E-14,0
dense,10,1,100,5,1.91E-14,0
sparse,10,1,100,5,1.91E-14,0
dense,10,1,100,6,2.28E-14,0
sparse,10,1,100,6,2.28E-14,0
dense,10,1,100,7,1.64E-14,1
sparse,10,1,100,7,1.64E-14,0
dense,10,1,100,8,1.15E-14,0
sparse,10,1,100,8,1.15E-14,0
dense,10,1,100,9,1.16E-14,0
sparse,10,1,100,9,1.16E-14,0
dense,10,1,100,10,7.36E-15,0
sparse,10,1,100,10,7.36E-15,0
dense,10,1,100,11,2.04E-14,0
sparse,10,1,100,11,2.04E-14,0
dense,10,1,100,12,1.70E-14,0
sparse,10,1,100,12,1.70E-14,0
dense,10,1,100,13,1.53E-14,0
sparse,10,1,100,13,1.53E-14,0
dense,10,1,100,14,1.31E-14,0
sparse,10,1,100,14,1.31E-14,0
dense,10,1,100,15,1.37E-14,0
sparse,10,1,100,15,1.37E-14,0
dense,10,1,100,16,1.73E-14,0
sparse,10,1,100,16,1.73E-14,0
dense,10,1,100,17,1.56E-14,0
sparse,10,1,100,17,1.56E-14,0
dense,10,1,100,18,1.64E-14,0
sparse,10,1,100,18,1.64E-14,0
dense,10,1,100,19,1.34E-14,0
sparse,10,1,100,19,1.34E-14,1
dense,20,1,100,0,2.05E-14,0
sparse,20,1,100,0,2.05E-14,0
dense,20,1,100,1,1.61E-14,0
sparse,20,1,100,1,1.61E-14,1
dense,20,1,100,2,2.19E-14,0
sparse,20,1,100,2,2.19E-14,0
dense,20,1,100,3,1.93E-14,0
sparse,20,1,100,3,1.93E-14,0
dense,20,1,100,4,9.93E-15,1
sparse,20,1,100,4,9.93E-15,0
dense,20,1,100,5,1.88E-14,0
sparse,20,1,100,5,1.88E-14,1
dense,20,1,100,6,1.74E-14,0
sparse,20,1,100,6,1.74E-14,0
dense,20,1,100,7,1.91E-14,0
sparse,20,1,100,7,1.91E-14,0
dense,20,1,100,8,1.60E-14,0
sparse,20,1,100,8,1.60E-14,0
dense,20,1,100,9,1.42E-14,1
sparse,20,1,100,9,1.42E-14,0
dense,20,1,100,10,2.14E-14,0
sparse,20,1,100,10,2.14E-14,1
dense,20,1,100,11,1.23E-14,0
sparse,20,1,100,11,1.23E-14,1
dense,20,1,100,12,1.30E-14,1
sparse,20,1,100,12,1.30E-14,0
dense,20,1,100,13,1.40E-14,1
sparse,20,1,100,13,1.40E-14,0
dense,20,1,100,14,2.31E-14,0
sparse,20,1,100,14,2.31E-14,0
dense,20,1,100,15,1.76E-14,1
sparse,20,1,100,15,1.76E-14,0
dense,20,1,100,16,3.20E-14,1
sparse,20,1,100,16,3.20E-14,0
dense,20,1,100,17,2.27E-14,0
sparse,20,1,100,17,2.27E-14,1
dense,20,1,100,18,1.44E-14,0
sparse,20,1,100,18,1.44E-14,1
dense,20,1,100,19,1.69E-14,0
sparse,20,1,100,19,1.69E-14,0
dense,40,1,100,0,2.02E-14,1
sparse,40,1,100,0,2.02E-14,1
dense,40,1,100,1,2.24E-14,0
sparse,40,1,100,1,2.24E-14,1
dense,40,1,100,2,1.97E-14,1
sparse,40,1,100,2,1.97E-14,1
dense,40,1,100,3,1.99E-14,0
sparse,40,1,100,3,1.99E-14,0
dense,40,1,100,4,2.59E-14,0
sparse,40,1,100,4,2.59E-14,3
dense,40,1,100,5,2.89E-14,1
sparse,40,1,100,5,2.89E-14,1
dense,40,1,100,6,1.91E-14,1
sparse,40,1,100,6,1.91E-14,1
dense,40,1,100,7,2.45E-14,1
sparse,40,1,100,7,2.45E-14,0
dense,40,1,100,8,2.22E-14,1
sparse,40,1,100,8,2.22E-14,1
dense,40,1,100,9,1.61E-14,1
sparse,40,1,100,9,1.61E-14,1
dense,40,1,100,10,2.42E-14,1
sparse,40,1,100,10,2.42E-14,0
dense,40,1,100,11,2.21E-14,0
sparse,40,1,100,11,2.21E-14,1
dense,40,1,100,12,2.39E-14,2
sparse,40,1,100,12,2.39E-14,1
dense,40,1,100,13,2.29E-14,1
sparse,40,1,100,13,2.29E-14,1
dense,40,1,100,14,2.42E-14,0
sparse,40,1,100,14,2.42E-14,1
dense,40,1,100,15,2.33E-14,1
sparse,40,1,100,15,2.33E-14,0
dense,40,1,100,16,2.51E-14,1
sparse,40,1,100,16,2.51E-14,1
dense,40,1,100,17,2.48E-14,0
sparse,40,1,100,17,2.48E-14,1
dense,40,1,100,18,2.99E-14,0
sparse,40,1,100,18,2.99E-14,0
dense,40,1,100,19,2.79E-14,0
sparse,40,1,100,19,2.79E-14,0
dense,80,1,100,0,3.00E-14,2
sparse,80,1,100,0,3.00E-14,3
dense,80,1,100,1,3.43E-14,2
sparse,80,1,100,1,3.43E-14,3
dense,80,1,100,2,3.87E-14,4
sparse,80,1,100,2,3.87E-14,4
dense,80,1,100,3,3.21E-14,4
sparse,80,1,100,3,3.21E-14,4
dense,80,1,100,4,3.49E-14,3
sparse,80,1,100,4,3.49E-14,4
dense,80,1,100,5,4.11E-14,2
sparse,80,1,100,5,4.11E-14,4
dense,80,1,100,6,2.97E-14,3
sparse,80,1,100,6,2.97E-14,3
dense,80,1,100,7,3.86E-14,2
sparse,80,1,100,7,3.86E-14,2
dense,80,1,100,8,3.16E-14,2
sparse,80,1,100,8,3.16E-14,2
dense,80,1,100,9,4.22E-14,2
sparse,80,1,100,9,4.22E-14,2
dense,80,1,100,10,2.81E-14,2
sparse,80,1,100,10,2.81E-14,2
dense,80,1,100,11,2.87E-14,3
sparse,80,1,100,11,2.87E-14,2
dense,80,1,100,12,3.18E-14,3
sparse,80,1,100,12,3.18E-14,3
dense,80,1,100,13,3.60E-14,3
sparse,80,1,100,13,3.60E-14,3
dense,80,1,100,14,3.33E-14,2
sparse,80,1,100,14,3.33E-14,2
dense,80,1,100,15,2.89E-14,2
sparse,80,1,100,15,2.89E-14,2
dense,80,1,100,16,3.99E-14,2
sparse,80,1,100,16,3.99E-14,2
dense,80,1,100,17,4.66E-14,2
sparse,80,1,100,17,4.66E-14,2
dense,80,1,100,18,4.61E-14,2
sparse,80,1,100,18,4.61E-14,3
dense,80,1,100,19,2.58E-14,2
sparse,80,1,100,19,2.58E-14,4
